	LABEL	SENTENCE
0	ID	233333333
1	ID	3G网络
2	ID	1E+091
3	ID	CPU好一点的
4	ID	HANMAC好吗
5	ID	一加
6	ID	一加手机
7	ID	一把就行
8	ID	一样
9	ID	三普手机
10	ID	三盟
11	ID	三盟手机
12	ID	不支持美颜的二妈
13	ID	不知道有什么品牌，高端一点的吧
14	ID	主屏
15	ID	主屏分辨率
16	ID	主流
17	ID	乐目
18	ID	乐目呗
19	ID	乐目好吗
20	ID	乐目的吧
21	ID	乐视
22	ID	乐视的
23	ID	价格
24	ID	优思
25	ID	你好，想开个拍照比较牛的手机
26	ID	你好，我想给家里老人买一台手机。有什么推荐？
27	ID	你觉得哪个品牌好
28	ID	像素
29	ID	像素啊
30	ID	像素好点的
31	ID	前置摄像头
32	ID	前置摄像头像素
33	ID	前置摄像头好就行
34	ID	前置摄像头要好
35	ID	努比亚
36	ID	卖得好吗
37	ID	可不可以介绍下苹果5s？
38	ID	可以给我打个折吗
39	ID	同心手机
40	ID	名字不好听
41	ID	后置摄像头
42	ID	后置摄像头像素
43	ID	哪个颜色好
44	ID	哪些手机是最近比较好卖？
45	ID	哪种性价比比较高
46	ID	哪种类性价比会比较高
47	ID	啥时候的手机啊
48	ID	四五千吧
49	ID	国产手机
50	ID	国产手机太烂了
51	ID	国产的
52	ID	国产的有什么好推荐呢？
53	ID	型号
54	ID	好吧 这台手机像素如何
55	ID	好吧，什么手机比较实惠呢？
56	ID	好吧，这么少
57	ID	好用吗
58	ID	好的我要LA3
59	ID	好的那么我要黑色的
60	ID	好的，像素多少
61	ID	好，就要黑色的
62	ID	小米
63	ID	就是前置摄像头好的
64	ID	屏幕分辨率要高
65	ID	屏幕大小
66	ID	屏幕大的
67	ID	屏幕的分辨率高吗？
68	ID	当前最流行的是哪个品牌
69	ID	待机时间。。
70	ID	性价比高吗
71	ID	性能好点的
72	ID	我喜欢玩游戏
73	ID	我喜欢自拍
74	ID	我喜欢自拍，有什么手机吗
75	ID	我妈眼睛不是很好
76	ID	我想买一台摄像头好点的
77	ID	我想买一部自拍比较好的手机
78	ID	我想买好一点的手机
79	ID	我想买性能好点的
80	ID	我想买性能好的手机
81	ID	我想买来玩游戏
82	ID	我想买艾酷手机
83	ID	我想要一台前置摄像头好的手机
84	ID	我想要拍照
85	ID	我想要拍照好看的
86	ID	我想要摄像头高的
87	ID	我想要部性价比高的
88	ID	我要800像素
89	ID	我要一个废旧的特别高的手机
90	ID	我要伤心
91	ID	我要伤心我要伤心
92	ID	我要好点的
93	ID	我要好的
94	ID	我要灰色的
95	ID	我要的是拉风类型的
96	ID	我问的是回头率
97	ID	手机质量比较好
98	ID	拍照
99	ID	拍照比较好的手机
100	ID	拍照清晰的
101	ID	摄像头好一点的
102	ID	摄像头好的
103	ID	摄像头有更好的么
104	ID	支持国产，谢谢
105	ID	支持自拍的
106	ID	旗舰级
107	ID	是说尺寸了大哥
108	ID	最好的品牌
109	ID	最新的就好
110	ID	最近哪款手机比较流行？
111	ID	最近哪款比较流行？
112	ID	最近比较流行的手机有哪些
113	ID	有多高的
114	ID	有支持美颜的手机吗
115	ID	有没有主流的手机
116	ID	有没有像素高的
117	ID	有没有好一点的手机
118	ID	有没有特别炫目的手机
119	ID	有美颜的手机吗
120	ID	来一款前置摄像头好的手机
121	ID	来一部配置好的手机
122	ID	格力
123	ID	欧奇
124	ID	比亚迪
125	ID	比酷
126	ID	比酷怎样
127	ID	比酷有什么手机
128	ID	洪敏
129	ID	混合色吗
130	ID	爱立信
131	ID	爱立信手机
132	ID	爱贝多
133	ID	玩游戏好的
134	ID	用户好评多的手机
135	ID	续航时间
136	ID	美丽
137	ID	美颜手机
138	ID	老年人用的手机
139	ID	老年机
140	ID	聆韵4的配置好吗
141	ID	能挡子弹的手机
142	ID	能支持美颜的手机
143	ID	能流畅玩游戏的那种
144	ID	自拍
145	ID	艾文图巴亚峰
146	ID	艾酷
147	ID	荣耀
148	ID	荣耀手机
149	ID	要特别吸引眼球的
150	ID	要特别吸引眼球的手机
151	ID	触屏手机有什么好推荐的
152	ID	詹姆士吧
153	ID	说好的价位呢
154	ID	贝多芬
155	ID	贝多芬手机
156	ID	这个品牌印象不好，不要
157	ID	这手机好在哪里？
159	ID	这款性能好吗
160	ID	这款手机好么
161	ID	这款手机好用吗
162	ID	这款是市面
163	ID	适合单手操作的就好
164	ID	适合玩游戏的
165	ID	适合自拍的
166	ID	那好我要LA3的
167	ID	都有什么好的手机
168	ID	配置好一点的手机
169	ID	配置好的
170	ID	酷显
171	ID	银色的
172	ID	锋达通手机
173	ID	黑色好看吗
174	ID	黑色的好
175	ID	哪个品牌好点
176	ID	请问有担心的手机吗
177	ID	这手机好用吗
178	ID	这款买的人多吗
179	ID	5寸主屏
180	ID	800万像素能不能拍出清晰的照片？能满足我的购买需求吗
181	ID	CPU型号
182	ID	CPU核数
183	ID	CPU频率
184	ID	GPS导航
185	ID	GPU型号
186	ID	Modem功能
187	ID	RAM容量
188	ID	ROM容量
189	ID	SIM卡类型
190	ID	WIFI热点
191	ID	WLAN
192	ID	上市日期
193	ID	主屏尺寸
194	ID	主屏材质
195	ID	主屏色彩
196	ID	买这部手机有没有优惠
197	ID	产品特性
198	ID	人气
199	ID	价格多少
200	ID	价钱多少
201	ID	优惠
202	ID	传感器类型
203	ID	你们卖不卖二手手机
204	ID	你的手机是什么牌子的
205	ID	你这里不会卖山寨手机吧
206	ID	你这里最好的手机是那一部
207	ID	使用对象
208	ID	保修政策
209	ID	保修详细内容
210	ID	变焦倍率
211	ID	变焦模式
212	ID	听说这手机的参数不怎么样
213	ID	听说这手机的参数很不怎么样
214	ID	听说这手机的参数很高
215	ID	品牌
216	ID	基本功能
217	ID	外观设计
218	ID	大部分人对手机评价如何
219	ID	好像这部手机性能很高
220	ID	存储卡类型
221	ID	它打电话算不算清晰吧
222	ID	它的屏幕色彩数据能不能满足我的需求
223	ID	对焦方式
224	ID	平均月销量
225	ID	待机三天对我是不是足够
226	ID	感应器类型
227	ID	感觉这手机屏幕有点小
228	ID	感觉这手机用起来不是很流畅啊
229	ID	我不清楚我的手机卡能不能装在这部手机里
230	ID	我不清楚我需不需要蓝牙功能
231	ID	我不清楚手机保修方不方便
232	ID	我不知道够不够钱
233	ID	我不知道它的网速是否能满足我的需求
234	ID	我不知道我的钱够不够买这部手机
235	ID	我不知道这部手机的操作系统是否适合我
236	ID	我喜欢像素比较高的
237	ID	我喜欢内存比较大的手机
238	ID	我喜欢分辨率比较高的
239	ID	我喜欢屏幕大一点的
240	ID	我喜欢用起来很流畅的手机
241	ID	我应该用不上那么多功能
242	ID	我想看一下这部三星的手机
243	ID	我想看一下这部中兴的手机
244	ID	我想看一下这部华为的手机
245	ID	我想看一下这部小米的手机
246	ID	我想看一下这部诺基亚的手机
247	ID	我想看一下那部双核的手机
248	ID	我想要一台好看的手机
249	ID	我想要一款好看的手机
250	ID	我想要一部屏幕大的手机
251	ID	我想要一部屏幕比较大的手机
252	ID	我想要一部屏幕适中的型号
253	ID	我想要一部性价比比较高的手机
254	ID	我想要摄像头比较好的手机
255	ID	我能不能用完手机上的全部功能呢
256	ID	我要一台便宜的手机
257	ID	我要一台白色后盖的
258	ID	我要内存大的手机
259	ID	我要好的手机
260	ID	我要屏幕比较大
261	ID	我要贵的手机
262	ID	我觉得这手机性价比没有那部高
263	ID	我觉得这款屏幕不大
264	ID	我觉得这款手机有点贵
265	ID	手机上的原装应用会不会多
266	ID	手机上的应用好像不能删除
267	ID	手机发热厉害吗
268	ID	手机屏幕容易碎吗
269	ID	手机拍照好看吗
270	ID	手机收到的差评多吗
271	ID	手机有什么颜色
272	ID	手机有多重
273	ID	手机的好评多吗
274	ID	手机的好评率多少
275	ID	手机的屏幕有多大
276	ID	手机的电池一般可以用几天
277	ID	手机的电池如何
278	ID	手机的系统好用吗
279	ID	手机的音质如何
280	ID	手机的预装软件可以卸载吗
281	ID	手机类型
282	ID	手机质量
283	ID	手机运行速度如何
284	ID	手机部件
285	ID	手机重量
286	ID	手机附件
287	ID	拍摄模式
288	ID	拍照功能
289	ID	推荐一台好用的手机给我
290	ID	推荐一台好的手机给我
291	ID	推荐一款好用的手机吧
292	ID	推荐一款性价比高的手机给我吧
293	ID	摄像头比较好的手机有哪一些牌子
294	ID	操作系统
295	ID	收音机
296	ID	数据功能
297	ID	数据接口
298	ID	数据线类型
299	ID	是不是什么牌子的手机都有
300	ID	最大扩展容量
301	ID	最大拍照尺寸
302	ID	有什么品牌的手机
303	ID	有便宜的手机推荐吗
304	ID	有和这台手机相似的手机推荐吗
305	ID	有哪些1000块的手机适合我
306	ID	有安卓的手机吗
307	ID	有屏幕大一点的手机吗
308	ID	有没有价格适中的手机型号
309	ID	有没有双卡双待的手机
310	ID	有没有适合学生用的手机
311	ID	有没有适合老人用的手机
312	ID	有没有黑色屏幕的手机
313	ID	有贵一点的手机吗
314	ID	没有屏幕再大一点的吗
315	ID	理论待机时间
316	ID	理论通话时间
317	ID	用户界面
318	ID	电池容量
319	ID	电池类型
320	ID	看起来这手机没有那一部好看
321	ID	真的没得打折了吗
322	ID	给你这里最贵的手机我看看
323	ID	给出基本参数看看
324	ID	给出手机各个参数
325	ID	给我介绍一下这手机的性能
326	ID	给我停一下
327	ID	给我看一下这手机的屏幕怎么样
328	ID	网络制式
329	ID	网络频率
330	ID	网速可以不可以呢
331	ID	耳机插孔类型
332	ID	蓝牙传输
333	ID	裸机是什么样子的
334	ID	要手机分辨率高的
335	ID	视频格式
336	ID	视频通话
337	ID	触摸屏类型
338	ID	货源
339	ID	质保时间
340	ID	赠品
341	ID	超大字体
342	ID	输入方式
343	ID	这个手机的电池容量够不够我用呢
344	ID	这么高配置的手机会浪费吗
345	ID	这台手机会太贵吗
346	ID	这台手机有多少种颜色可选
347	ID	这手机上的应用能不能删除
348	ID	这手机价钱多少
349	ID	这手机保修多久
350	ID	这手机像素高吗
351	ID	这手机内存有多大
352	ID	这手机分辨率多少
353	ID	这手机发热厉害吗
354	ID	这手机多人买吗
355	ID	这手机多人要吗
356	ID	这手机屏幕如何
357	ID	这手机屏幕有多大
358	ID	这手机是什么年份出产的
359	ID	这手机是双核的吗
360	ID	这手机是多少核的
361	ID	这手机是安卓的吗
362	ID	这手机是当下流行的吗
363	ID	这手机有什么不足
364	ID	这手机有什么缺点
365	ID	这手机有得打折吗
366	ID	这手机有没有其他颜色的后盖
367	ID	这手机热卖吗
368	ID	这手机热销吗
369	ID	这手机电池好用吗
370	ID	这手机的保修期是多少啊
371	ID	这手机的保修期有多长
372	ID	这手机的内存够不够我装电影
373	ID	这手机的前置后置摄像头像素分别是多少
374	ID	这手机的前置摄像头像素多少
375	ID	这手机的后置摄像头像素多少
376	ID	这手机的售后服务怎么样
377	ID	这手机的字体大吗
378	ID	这手机的待机时间有多久
379	ID	这手机的软件好用吗
380	ID	这手机的颜色有没有黑色的
381	ID	这手机贵不贵
382	ID	这手机贵吗
383	ID	这手机运行速度快吗
384	ID	这手机还可以便宜一点吗
385	ID	这手机销量如何
386	ID	这手机颜色看起来一般般啊
387	ID	这是音乐手机吗
388	ID	这样的配置算不算贵
389	ID	这款手机性价比高不高
390	ID	这款手机的摄像头像素是多少
391	ID	这款手机的摄像头怎么样
392	ID	这款手机的电池容量有多大
393	ID	这款的型号什么
394	ID	这牌子有没有屏幕5英寸以上的手机
395	ID	这牌子的手机是不是都那么便宜
396	ID	这牌子的旗舰手机是哪一个型号
397	ID	这种配置的手机好像多人买
398	ID	这种颜色的手机好像多人买
399	ID	这软件的系统好用吗
400	ID	这部内存有4G那么大吗
401	ID	这部可不可以便宜一点
402	ID	这部好像屏幕比较大
403	ID	这部手机参数怎么样
404	ID	这部手机屏幕怎么样
405	ID	这部手机性能怎么样
406	ID	这部手机性能没有那部好吧
407	ID	这部手机打多少折
408	ID	这部手机是4G的吗
409	ID	这部手机的型号是多少
410	ID	这部有没有屏幕大一点的
411	ID	这部有没有白色后盖的
412	ID	这部有没有黑色后盖的
413	ID	这里有什么品牌的手机卖
414	ID	这里有什么手机出售
415	ID	这里有什么款式的手机
416	ID	重力感应
417	ID	键盘类型
418	ID	闪光灯类型
419	ID	音质比较好的手机有哪一些牌子
420	ID	音频格式
421	ID	颜色
422	ID	什么品牌的手机比较好
423	ID	什么颜色比较好
424	ID	哪个性能好
425	ID	哪个操作系统好
426	ID	哪款性能好
427	ID	哪款颜色好
428	ID	我不清楚我喜不喜欢这部手机的音质
429	ID	我买这手机会不会显得高大上
430	ID	白色的好看还是黑色的好看
431	ID	要不要买一部绿色的手机呢
432	ID	要哪个款式好呢
433	ID	该要哪个尺寸呢
434	ID	贵一点好还是便宜一点好
435	ID	这款手机好看吗
436	ID	这种颜色的手机好看吗
437	ID	这部好玩还是那部好玩
438	ID	这部好看点还是那部好看点
439	ID	这部手机的像素算高还是不高
440	ID	这部手机的功能对我有没有用呢
441	ID	这部手机的音质算好还是不好
442	ID	配置高的好还是配置低的好
443	ID	屏幕不错
444	ID	性能不错
445	其它#其它	(#‵′)凸
446	其它#其它	……
447	其它#其它	⊙▽⊙
448	其它#其它	、、、、
449	其它#其它	、、、、、
450	其它#其它	你哈
451	其它#其它	你好漂亮
452	其它#其它	你猜
453	其它#其它	你能帮我
454	其它#其它	又挂了………………
455	其它#其它	发过来看下
456	其它#其它	号码
457	其它#其它	唱首歌把
458	其它#其它	在家
459	其它#其它	在线
460	其它#其它	在聊啊
461	其它#其它	年后
462	其它#其它	强行卖得好
463	其它#其它	我
464	其它#其它	我又来了
465	其它#其它	我回来了
466	其它#其它	我好像没提什么要求吧，哥们儿
467	其它#其它	我想买眼镜
468	其它#其它	我想她
469	其它#其它	我想我想的到广告的工作呢
470	其它#其它	我想拉星期可以得夜情下
472	其它#其它	我是语文乐
473	其它#其它	我来了
474	其它#其它	我要到断电灌一站的
475	其它#其它	我说我很牛逼
476	其它#其它	换个话题把
477	其它#其它	收费车砖头
478	其它#其它	收音机
479	其它#其它	放入
480	其它#其它	散心
481	其它#其它	方法
482	其它#其它	热水器坏了
483	其它#其它	现在
484	其它#其它	睡不着
485	其它#其它	绯闻绯闻
486	其它#其它	语言
487	其它#其它	那要怎样说呢
488	其它#其它	门牙
489	其它#其它	：（
490	其它#其它	：）
491	其它#其它	?
492	其它#其它	一个词来形容一下我
493	其它#其它	一加一等于多少
494	其它#其它	一般学生都无法回答这个问题
495	其它#其它	一般学生都无法解决这个问题
496	其它#其它	一起吃顿饭吧
497	其它#其它	不用再多说了，我都明白了
498	其它#其它	么么哒
499	其它#其它	你不是能算出来吗
500	其它#其它	你的心情不错哦
501	其它#其它	你的想法很独特哦
502	其它#其它	你看起来很开心嘛
503	其它#其它	停一下
504	其它#其它	先听我说一句
505	其它#其它	再等一下把
506	其它#其它	我不知道我会不会在手机上查询购买订单
507	其它#其它	我不知道这部手机是否具备我希望的其他功能
508	其它#其它	我买这么多功能的手机会不会浪费
509	其它#其它	我们聊得挺投缘的嘛
510	其它#其它	我好像没有带够钱
511	其它#其它	我家人不知道同不同意我买手机
512	其它#其它	我想退货的时候到底能不能退呢
513	其它#其它	我插句话行不
514	其它#其它	我没有好的
515	其它#其它	我没有找借口
516	其它#其它	我没有说谎
517	其它#其它	我看看先
518	其它#其它	本来就是这样嘛
519	其它#其它	没你不行啊
520	其它#其它	用一个词来形容我
521	其它#其它	祝大家心想事成，万事如意
522	其它#其它	算了，我们换个话题
523	其它#其它	哎呀呀
524	其它#其它	今天你开心吗
525	其它#其它	你今天开心吗
526	其它#其它	你在做什么呢
527	其它#其它	你在干嘛？你在干嘛
528	其它#其它	你开心吗
529	其它#其它	你现在开心吗
530	其它#其它	你过得好吗
531	其它#其它	你过的好吗
532	其它#其它	喂喂，你开心吗
533	其它#其它	嗨，你过得愉快吗
534	其它#捣乱	两线挂着要得堡
535	其它#捣乱	个
536	其它#捣乱	丫丫
537	其它#捣乱	中路我下载的很好迷耍
538	其它#捣乱	他
539	其它#捣乱	仙茂
540	其它#捣乱	仙茂老婆是不是个男人？
541	其它#捣乱	会让路人眼前一亮的
542	其它#捣乱	你
543	其它#捣乱	你不挽留下我吗
544	其它#捣乱	你，好坏哦！
545	其它#捣乱	别这样说嘛！嘻嘻，开玩笑的。
546	其它#捣乱	南
547	其它#捣乱	吃饭
548	其它#捣乱	和肖相马晓笛的手机号
549	其它#捣乱	您好，想买什么手机？
550	其它#捣乱	抢劫
551	其它#捣乱	选择一种兴趣，测测你在朋友眼里的形象
552	其它#捣乱	选择一种手机，测测你在朋友眼里的形象
553	其它#捣乱	一句温馨的问候，一个轻轻的拥抱，一个浪漫的小插曲，都能给人一种清新愉悦的感受，就向一股暖流流入心底
554	其它#捣乱	下雨就撑伞，流感就预防，生活没有什么过不去的坎，人就是要给点阳光就灿烂
555	其它#捣乱	不是你的错，很明显，是他干的
556	其它#捣乱	不要再犹豫不决了。不要总是思前顾后，否则你就给带来了根本就不存在的问题。先分析情况，然后果断地采取行动。你无法改变你不想面对的现实。取得进展就意味着承担风险
557	其它#捣乱	不见去年人,景物却依旧,物是人非
558	其它#捣乱	两条路都不是通往车站
559	其它#捣乱	中国大还是美国大啊
560	其它#捣乱	为什么会生病
561	其它#捣乱	亲爱的朋友，原谅我渐渐少去的问候。有一种感情，不再浓烈，却一直存在。我们不能时时在身边，好像电话短信也少了，我们不能第一时间分享彼此的快乐与不快乐，好像变的冷漠沉默了。可是如果有一天，我们再遇见，亲爱的，那当初的一切不会变
562	其它#捣乱	什么时候能有女朋友
563	其它#捣乱	他们确实很般配
564	其它#捣乱	他们都不是我昨晚见到的那个人
565	其它#捣乱	他常常迈步向前，跃跃欲试，然而来到爱玛面前，这种决心很快也就烟消云散，不知去向
566	其它#捣乱	他确实很勤奋
567	其它#捣乱	他确实很帅
568	其它#捣乱	你不是对句中定语的否定
569	其它#捣乱	你们什么时候来到这里的
570	其它#捣乱	你喜欢那件衣服吗
571	其它#捣乱	你好，您点的XX菜现在已经买完了，您看还有XX菜和这道菜口味相似，您要不要来一份
572	其它#捣乱	你好，打扰一下，帮你加点汤
573	其它#捣乱	你家是什么时候装修的
574	其它#捣乱	你居然不知道韩红是谁
575	其它#捣乱	你把问题分析的很好，接下来交给我们办吧
576	其它#捣乱	你有没有看过这本书
577	其它#捣乱	你的歌声抒发了我美好的理想，我的琴音凝集了你无限的向往。愿我们合奏一首幸福曲
578	其它#捣乱	你看得到他吗
579	其它#捣乱	你看得到我吗
580	其它#捣乱	你知道华南农业大学在哪里吗
581	其它#捣乱	你知道这是什么歌吗
582	其它#捣乱	你能帮我抢生意吗
583	其它#捣乱	你能预测奥运会中国队能拿多少金牌吗
584	其它#捣乱	你若安好，便是晴天
585	其它#捣乱	你要去哪里
586	其它#捣乱	你要去哪里呀
587	其它#捣乱	你觉得她体重是多少
588	其它#捣乱	你认不认识百度公司的创造人
589	其它#捣乱	你说的一点都没错，就是他干的
590	其它#捣乱	你说那支队伍会赢吗
591	其它#捣乱	你还有什么问题吗
592	其它#捣乱	你预测一下悟空的发挥吧
593	其它#捣乱	做朋友的绝对不会忘了你！送给你最真的祝福，让你有个暖暖的圣诞节。感动了吧！虽然只有3块钱，但也是个很棒的礼物
594	其它#捣乱	凉风飞舞着祝福，轻轻送上真挚的问候：愿快乐伴随，清凉一夏
595	其它#捣乱	别站在人生的十字路口徘徊不定，犹豫不决。人生就这麽一次未知的旅行，在乎的是沿途的风景和旅行的心情。不会因为你的停留尔美丽的风景终止，走过的路已经成为你背後的风景
596	其它#捣乱	别跟我谈感情
597	其它#捣乱	劝你一句，老朋友：别忘了乐极生悲这句话！但愿你一切都好
598	其它#捣乱	华丽的外表，往往掩盖着肮脏的灵魂，偶像派的明星，还有追星族的傻逼们
599	其它#捣乱	可以给我么
600	其它#捣乱	可以载我一程吗
601	其它#捣乱	各种矛盾的心情，痛苦地绞缢着她
602	其它#捣乱	后来呢？ 怎么样了
603	其它#捣乱	喂，你要去哪里
604	其它#捣乱	喂，怎么没我的份
605	其它#捣乱	嘿，我的呢
606	其它#捣乱	在他的灵魂里，两种感情，恶与答的感情，受了侮辱的自尊心与对这个受苦的女人的怜悯心，正在交战
607	其它#捣乱	在内心深处，总有一个身影徘徊，总有一个声音问候，无论何时想起，温暖随时都能感应
608	其它#捣乱	在通往未来的人生岔口，你坚定地选择了这条小路。路的那边是风和日丽，曲径通幽？还是急风残月，河边断桥？你无从知晓。于是，你开始迷惘忧虑，懊丧不已，后悔当初没有走上岔口那边的小路，那片风景中也许会是花好月圆，阳光灿烂。然而昨日的太阳已落，失去的风景已过，生命的旅途没有回返的路程。你已没有了选择，也不能过多的犹豫，你只能依靠着信念走出这泥泞的雨地。也许你会错过一段季节，也许你会迷失一段方向，错过了太阳，你还会再迷失月亮吗
609	其它#捣乱	夜宵怎么解决
610	其它#捣乱	她收不住奔驰起来的思想，一会儿充满了幸福，幸福得心向外膨胀，一会儿充满了恐惧，感到这事是那么可怕
611	其它#捣乱	她确实很漂亮
612	其它#捣乱	好的，请稍等！请用茶，请喝豆浆
613	其它#捣乱	姊妹两并非都在这里
614	其它#捣乱	定闹钟会痛，不定闹钟也会痛；闹钟响会痛，闹钟不响也会痛；被叫醒会痛，叫不醒也会痛；起床会痛，不起床也会痛
615	其它#捣乱	宵夜怎么解决
616	其它#捣乱	寒风吹，祝福到。
617	其它#捣乱	对不起、请原谅、不用谢、没关心、请不要放在心上
618	其它#捣乱	尼姑用广州话怎么读
619	其它#捣乱	巨大的爱和情欲正在他的内心深处激烈地搏斗，他袖着手，呆呆地望着天空
620	其它#捣乱	希望我的祝福能驱散你平日的辛劳
621	其它#捣乱	带我去学校好不好
622	其它#捣乱	帮我倒杯水可以吗
623	其它#捣乱	干炒牛河怎么做呀
624	其它#捣乱	当时他一方面为裘德将要在她手里受痛苦而眼泪直落，另一方面又为自己可怜而眼泪直涌，两种眼泪，互相混合
625	其它#捣乱	影响我们下决心的因素，往往既不是事情过于复杂，也不是我们的判断力不够，而是对于自己即将放弃的选择心有不甘
626	其它#捣乱	征询语：需要我帮忙嘛？、我能为你做些什么嘛
627	其它#捣乱	很久很久，你欠了我的一声问候，哪怕只是短短的一两句寒暄
628	其它#捣乱	微笑将祝福传递，喜悦将幸福传送，问候温馨更暖心，祝福情真意更真，画个快乐大圈圈，年年岁岁保佑你
629	其它#捣乱	忙碌一周的你感觉累吗?要好好休息
630	其它#捣乱	快回到属于你的地方
631	其它#捣乱	您好！请问您对我们的服务有没有什么意见或建议？谢谢您
632	其它#捣乱	您好，帮您把外套挂一下？我把您的包放在这里了
633	其它#捣乱	您好，您看还有什么需要吗
634	其它#捣乱	您好，您看这个菜可以给您合一下盘吗
635	其它#捣乱	您好，打扰一下，帮您加点水！
636	其它#捣乱	您好，打扰一下，帮您换下烟缸！您好，帮您清理下台面
637	其它#捣乱	您好，打扰一下，帮您罩一下衣罩
638	其它#捣乱	您好，这是我们点的XX菜，给您分一下，好吗
639	其它#捣乱	情动三江水，诚感五岳山，心愿传千里，祝福送吉祥，好运常相伴，幸福展笑颜，开心更快乐，人旺万事顺
640	其它#捣乱	感谢所有忙碌着关注着我的朋友，感谢生命中经历的每一次问候与祝福，愿你们每天都平安祥和幸福
641	其它#捣乱	感谢语：谢谢、劳驾了、让您费心了、实在过意不去、麻烦您、感谢您的帮助
642	其它#捣乱	愿你拥有：春天的歌欢快，夏天的心火热，秋天的意深厚，冬天的情纯真。在未来的人生旅途中，永远保持你自己
643	其它#捣乱	愿如梦的幻想，消融在天边的彩霞里；愿青鸟衔起我俩，飞向生活的绿洲
644	其它#捣乱	愿甜蜜伴你度过一天中的每一时，愿平安同你走过一时中的每一分，愿快乐陪你度过一分中的每一秒
645	其它#捣乱	我一会儿想往前走，一会儿想往后撤退，
646	其它#捣乱	我不确定到底要哪一本书
647	其它#捣乱	我为什么会生病
648	其它#捣乱	我们不应该乱说话
649	其它#捣乱	我们不应该做不对的事
650	其它#捣乱	我们不应该说不对的话
651	其它#捣乱	我们不能做不对的事
652	其它#捣乱	我们不能说不对的话
653	其它#捣乱	我们在过去十年内连一面都没有见过
654	其它#捣乱	我们应该经常地通通话
655	其它#捣乱	我们是什么关系
656	其它#捣乱	我失魂落魄，如痴似醉，一会儿我觉得自己还不够漂亮，不够富有，不够潇洒一忽儿，我为自己能够占有她而沾沾自喜，得意洋洋
657	其它#捣乱	我思绪纷繁，心乱如麻
658	其它#捣乱	我想知道我什么时候能有女朋友
659	其它#捣乱	我请你做到以下三点：一定要成功，一定要快乐，一定要幸福
660	其它#捣乱	我谈恋爱的原则，非诚勿扰
661	其它#捣乱	我迷路了
662	其它#捣乱	我钱包掉了，能借点钱给我吗
663	其它#捣乱	所以我才来晚了
664	其它#捣乱	所以我才这样做
665	其它#捣乱	所有的思念，抵不过一个微笑，所有的忧愁，只需要一个问候，有雨的夜，最美那是来自天使的问候
666	其它#捣乱	打扰一下，帮您换下骨碟
667	其它#捣乱	打扰你们一下，到某地的路怎么走
668	其它#捣乱	打断一下你们的对话
669	其它#捣乱	打篮球的男生特别帅，你喜欢打篮球吗
670	其它#捣乱	拉长幸福的直线，让开心的笑容伴随左右，让快乐的生活陪伴身旁，让工作有活力，让事业有激情，愿你事事都如意，万事都顺心
671	其它#捣乱	教我好不好
672	其它#捣乱	早上好阳光为你烘烤温暖的味道，问候为你带来快乐的奇妙，清新的早晨，希望我的一条短信，给你一天简单而充实的幸福，早上好
673	其它#捣乱	早上好，一束阳光照在身，祝你天天都开心，财神家中去，梦想变成真，今天中大奖，明天去上任，朋友的祝福全都是真心
674	其它#捣乱	早晨，清凉的空气如牛乳般新鲜，冉起的太阳如梦想般希望。天明，亮起的不只是阳光，还要有你的好心情哦，早安
675	其它#捣乱	春天，有梦一般的花；春天，有花一般的梦。春天到了！愿你的梦，像美丽的花；愿你心中的花，像美丽的梦
676	其它#捣乱	春风向树木问好， 花儿向人们问好. 五谷向闲田问好。有谁懂，年复一年忙碌的背后，是被忽略的问候与祝福
677	其它#捣乱	有些机会，因瞬间的犹豫，擦肩而过；有些缘分，因一时的任性，滑落指间；有些感情，因一时的冲动，遗憾一生；有些人，一转身就是一辈子。许多感情疏远淡漠，无力挽回，只源于一念之差
678	其它#捣乱	有时候，我们在爱情中犹豫不决，会彷徨失措
679	其它#捣乱	有时候，我们在爱情中犹豫不决，会彷徨失措，会被流言蜚语和冷言冷语中伤，继而会对原本在意的这段感情产生质疑
680	其它#捣乱	朋友，当永放心头，永不相忘；朋友，当共荣辱，当同患难；友谊，如流水不因石而阻，不因远而疏。朋友，祝你有个好心情哦
681	其它#捣乱	朋友，愿你飞过辽阔的天空，穿过无边的旷野，越过璀璨的星河，直到矗立在彩虹之巅
682	其它#捣乱	望下次还能为您服务
683	其它#捣乱	清晨的美好就如青草般芳香，如河溪般清澈，如玻璃般透明，如甘露般香甜。亲爱的朋友，早上好，愿你今天有个好心情
684	其它#捣乱	炎炎的烈日，足以拷问丑恶的内心，辛苦的工作，可暂忘浮浅的思春
685	其它#捣乱	犹豫不决是以无知为基础的
686	其它#捣乱	电视播放
687	其它#捣乱	睁开眼，缓一缓；快起床，伸懒腰；笑一笑，美好的一天又开始了。早安，祝你今天好心情，工作顺利，生活甜美
688	其它#捣乱	矛盾的心情像一条毒蛇，在咬啮他的脏腑
689	其它#捣乱	祝你天天拥有：蓬勃的激情，雄壮的豪情，执着的热情，甜美的爱情，洒脱的表情，爽朗的神情，愉快的心情
690	其它#捣乱	神说：幸福是有一颗感恩的心，健康的身体，称心的工作，一位深爱你的人，一帮信赖的朋友你会拥有这一切！祝圣诞快乐
691	其它#捣乱	稍有犹豫便就不然了
692	其它#捣乱	突然的彷徨，突然的不知所措
693	其它#捣乱	站在人生的十字路口，我们也许会徘徊不定、犹豫不决。
694	其它#捣乱	能勾搭你么
695	其它#捣乱	能顺路载我一程吗
696	其它#捣乱	致歉语：对不起、请原谅、不用谢、没关心、请不要放在心上
697	其它#捣乱	落叶知秋，情谊如酒，风渐凉时无喜更无忧。岁月流走，蓦然回首，一声问候醇绵依旧。友情相守，不离左右，含笑送出这份问候：季节交替，注意身体
698	其它#捣乱	虽然烈日炎炎，周一还得上班，高温令人疲倦，要与快乐连线。见人面带微笑，好运与你触电；懒散情绪抛开，精神焕发容颜；烦恼莫放心头，潇洒自然相见。周一问候给力，再忙再累也要心情美丽，开心面对
699	其它#捣乱	衷心祝福：上帝保佑你！彩票关心你！菩萨爱护你！要云得云，要雨得雨！花天酒地，黄金遍地
700	其它#捣乱	要不要一起去跑步
701	其它#捣乱	要不要一起去逛街
702	其它#捣乱	要去哪里
703	其它#捣乱	要是没有你的帮助，恐怕要失败了
704	其它#捣乱	要是没有你，都不知道怎么办啊
705	其它#捣乱	请带好您的随身物品，请慢走
706	其它#捣乱	请带好您的随身物品，请慢走！谢谢光临，希
707	其它#捣乱	请慢用
708	其它#捣乱	请我吃饭好不好
709	其它#捣乱	请问您喝点什么？我们这有茶水、饮料、豆浆、酸梅汤。
710	其它#捣乱	请问菜品需要打包吗
711	其它#捣乱	谢谢、劳驾了、让您费心了、实在过意不去、麻烦您、感谢您的帮助
712	其它#捣乱	起床是会呼吸的痛，挣扎在每个细胞中
713	其它#捣乱	距离有短有长，不论短长，都铺满着我的思念；短信有短有长，不论短长，都充盈着我的挂牵；祝福有短有长，不论短长，都代表着我的心愿：祝你快乐天天
714	其它#捣乱	路，共同欣赏才风景美丽；情，互相交流才更加真切。问个好，情谊永在，祝你心情愉快
715	其它#捣乱	身体不舒服，怎么办啊
716	其它#捣乱	这个夏天，真心祝愿：大树庇护你，烈日让着你，微风向着你，暴雨躲着你，爱人由着你，邻居帮着你，朋友记着你，中奖500万的只有你
717	其它#捣乱	这个穷孩子无新衣服穿
718	其它#捣乱	这个穷孩子没有一件新衣服
719	其它#捣乱	这些矛盾在他心中乱碰，使他一天到晚的五脊六兽的不大好过
720	其它#捣乱	这是非主流事件
721	其它#捣乱	这本书好不好看
722	其它#捣乱	这本书很好看
723	其它#捣乱	这药非处方药
724	其它#捣乱	这里确实很大
725	其它#捣乱	迷路了，怎么办
726	其它#捣乱	送上一条解乏短信，愿你周一早晨精精神神，起床上班不再痛
727	其它#捣乱	送你一串祝福，浇灌你幸福的生活
728	其它#捣乱	那么，你觉得她漂亮吗
729	其它#捣乱	那件事怎么说来的
730	其它#捣乱	错不全在我
731	其它#捣乱	问候语：您好！欢迎光临，里面请，您请坐
732	其它#捣乱	问候远方的朋友：多一些开心，少一些烦恼，时时好心情。便用点滴的问候 想抚平你一点
733	其它#捣乱	非主流英语句子没意义
734	其它#捣乱	非也！我不喜欢这糖果
735	其它#捣乱	非勇敢非好汉，非泼辣非辣妹
736	其它#捣乱	非地震后，没有一栋房子不倒塌
737	其它#捣乱	非天仙非妖魔，确能长的如此美丽，世间甚是少见
738	其它#捣乱	非法入侵行为不值得提倡
739	其它#捣乱	非潘安非宋玉
740	其它#捣乱	非萝莉非萌妞
741	其它#捣乱	风吹散了蒲公英的思绪，把它的希望带到了远方；在哪里梦里有了生命力，在哪里渴望变得坚强；每一个执着的人啊，去奋斗吧，为了路上的远方
742	其它#捣乱	风面语：早上好、下午好、晚上好、您好、请多多指教、请多关照
743	其它#捣乱	香辣鸡翅好吃吗
744	其它#捣乱	鼓掌，鼓掌
745	其它#捣乱	﻿哎，又过了一天
746	其它#捣乱	是先杀猪呢 还是先杀驴呢
747	其它#捣乱	6666666
748	其它#捣乱	不要挑逗我
749	其它#捣乱	不要调戏我
750	其它#捣乱	你觉得我帅不帅
751	其它#捣乱	别动，举起手来
752	其它#捣乱	夸我一句
753	其它#捣乱	好无聊啊
754	其它#捣乱	挑逗
755	其它#捣乱	笑一个
756	其它#捣乱	调教
757	其它#捣乱	轮到我讲话了，你们停一下
758	其它#捣乱	﻿调戏
759	其它#捣乱	明天几点出发
760	其它#捣乱	下午几点到
761	其它#捣乱	下周什么时候
762	其它#捣乱	不知道明天有没有空
763	其它#捣乱	半个小时就可以
764	其它#捣乱	可能明天中午就可以
765	其它#捣乱	可能没那么快
766	其它#捣乱	可能要过几天才行
767	其它#捣乱	可能需要等两个星期
768	其它#捣乱	应该过几天就可以
769	其它#捣乱	我不知道晚上可不可以啊
770	其它#捣乱	我很快就行
771	其它#捣乱	早上没有空
772	其它#捣乱	明天可不可以
773	其它#捣乱	明天没时间
774	其它#捣乱	晚上吧
775	其它#捣乱	晚上有空吗
776	其它#捣乱	等等不行吗
777	其它#捣乱	等等我五分钟
778	其它#捣乱	要等到6点才知道
779	其它#捣乱	还有多久轮到我
780	其它#捣乱	这个月我有空
781	其它#捣乱	这个礼拜都没时间
782	其它#捣乱	需要多少天才可以
783	其它#捣乱	需要等多久啊
784	其它#捣乱	无尽的人海中，我们相聚又分离
785	其它#捣乱	叔叔
786	其它#捣乱	女的
787	其它#捣乱	开发者
788	其它#捣乱	男孩
789	其它#捣乱	阿姨
790	其它#捣乱	句中的否定词没有作谓语中心语
791	其它#骂人	你好逗比
792	其它#骂人	你妈逼
793	其它#骂人	你有病？
794	其它#骂人	傻逼啊你
795	其它#骂人	叼你老母
796	其它#骂人	妈的
797	其它#骂人	妈逼
798	其它#骂人	干死你
799	其它#骂人	我插
800	其它#骂人	我问你麻痹
801	其它#骂人	擦
802	其它#骂人	有病
803	其它#骂人	有病，不买了
804	其它#骂人	混蛋
805	其它#骂人	滚
806	其它#骂人	滚开
807	其它#骂人	滚犊子
808	其它#骂人	滚蛋
809	其它#骂人	翻滚吧牛宝宝
810	其它#骂人	臭鹏说你傻逼了
811	其它#骂人	草
812	其它#骂人	靠
813	其它#骂人	2B
814	其它#骂人	2b
815	其它#骂人	二逼
816	其它#骂人	低能
817	其它#骂人	低能儿
818	其它#骂人	你个狗日的
819	其它#骂人	你他妈废话啊
820	其它#骂人	你们住嘴
821	其它#骂人	你们闭嘴
822	其它#骂人	你妹啊，明明不是我
823	其它#骂人	你有病啊
824	其它#骂人	你有病啊，前言不搭后语的
825	其它#骂人	你真逗逼
826	其它#骂人	傻逼，听不懂我刚刚说什么了啊
827	其它#骂人	八嘎牙路
828	其它#骂人	去死、去死、去死
829	其它#骂人	去死把
830	其它#骂人	变态，老是讲那些东西
831	其它#骂人	妈B
832	其它#骂人	尼玛，我对你无语了
833	其它#骂人	废话
834	其它#骂人	废话不要讲那么多，给点实际的
835	其它#骂人	弱智
836	其它#骂人	我勒个去
837	其它#骂人	我现在不想听你讲话，给我滚
838	其它#骂人	流氓，能说点好听的么
839	其它#骂人	混账
840	其它#骂人	狗日的
841	其它#骂人	贱人，你刚刚说什么来着
842	其它#骂人	逗逼
843	其它#骂人	都给我住嘴
844	其它#骂人	闭嘴
845	其它#骂人	靠，讲的话那么难听
846	其它#骂人	顶顶顶、顶顶顶、顶顶顶
847	其它#骂人	丫的
848	其它#骂人	人渣
849	其它#骂人	你个屌丝
850	其它#骂人	你丫的
851	其它#骂人	你傻吗
852	其它#骂人	你好屌
853	其它#骂人	你妹
854	其它#骂人	傻逼
855	其它#骂人	去你的
856	其它#骂人	变态
857	其它#骂人	妹的
858	其它#骂人	尼玛
859	其它#骂人	屌
860	其它#骂人	屌丝
861	其它#骂人	我去
862	其它#骂人	我草
863	其它#骂人	杀马特
864	其它#骂人	流氓
865	其它#骂人	滚滚滚
866	其它#骂人	煞笔
867	其它#骂人	神经
868	其它#骂人	神经病
869	其它#骂人	给我滚
870	其它#骂人	艹草
871	其它#骂人	莫名其妙的
872	其它#骂人	贱人，住嘴
873	其它#骂人	靠靠靠
874	其它#骂人	麻痹
875	其它#骂人	﻿混蛋
876	导购#不成交	不买了
877	导购#不成交	不买了咯
878	导购#不成交	不买了，不会
879	导购#不成交	不想买了
880	导购#不成交	不想买了···谢谢···
881	导购#不成交	好吧我不买了
882	导购#不成交	好吧我不在你这里买手机了
883	导购#不成交	好吧那么我不买了
884	导购#不成交	好吧那我换家店了
885	导购#不成交	好吧，我不买了
886	导购#不成交	好的我还是不买了
887	导购#不成交	并不想买
888	导购#不成交	我不买了
889	导购#不成交	我不买手机
890	导购#不成交	我不想买了
891	导购#不成交	我不想买了额
892	导购#不成交	我不想买手机了
893	导购#不成交	我不是很想买了
894	导购#不成交	真的不买
895	导购#不成交	算了我不买了
896	导购#不成交	算了我还是不买了
897	导购#不成交	算了，不买了
898	导购#不成交	那不买了
899	导购#不成交	不看了
900	导购#不理解	不好意思，你刚才说的话,我还听不懂。能换个说法吗，亲？
901	导购#不理解	听不懂
902	导购#不理解	啥意思
903	导购#不理解	我听不懂你说的话
904	导购#不理解	你刚刚说的是怎么回事啊
905	导购#不理解	你刚刚说的话很莫名其妙诶
906	导购#不理解	对不起我没挺清楚您说的话，请再重复一遍好吗
907	导购#不理解	怎么会
908	导购#不理解	能再说一遍么
909	导购#不理解	莫名其妙的
910	导购#开始	我说的是我需要换一部新手机了
911	导购#开始	专门给老年人用的手机有吗
912	导购#开始	买个手机
913	导购#开始	买台手机玩玩
914	导购#开始	买手机
915	导购#开始	买手机呢
916	导购#开始	买手机咯
917	导购#开始	买手机啊
918	导购#开始	买手机啊........
919	导购#开始	买手机喽
920	导购#开始	什么手机比较好
921	导购#开始	你好 我想要买手机
922	导购#开始	你好我想买手机
923	导购#开始	你好我要买手机
924	导购#开始	你好！我想买手机
925	导购#开始	你好，我想买手机
926	导购#开始	你好，我是来买手机的
927	导购#开始	你好，我要买手机
928	导购#开始	你好，请问有什么手机
929	导购#开始	你好，这里有什么手机卖吗
930	导购#开始	你好，这里有什么手机卖的
931	导购#开始	你帮我买手机吗
932	导购#开始	你有什么好手机介绍？
933	导购#开始	你有什么手机介绍？
934	导购#开始	你这有什么手机卖
935	导购#开始	你这里是不是有手机卖？
936	导购#开始	你这里是卖手机的吗
937	导购#开始	你这里有什么卖的
938	导购#开始	你这里有什么手机
939	导购#开始	你这里有什么手机卖
940	导购#开始	你这里有卖手机的是吗
941	导购#开始	再来聊聊
942	导购#开始	啊你好请问有什么手机
943	导购#开始	好再聊一聊手机
944	导购#开始	好吧，我来买手机
945	导购#开始	想买一台手机
946	导购#开始	想买手机
947	导购#开始	想买部手机
948	导购#开始	我们继续把
949	导购#开始	我们继续聊
950	导购#开始	我们聊手机
951	导购#开始	我们说点什么好
952	导购#开始	我们还是说说手机不
953	导购#开始	我再来一次
954	导购#开始	我又想买手机了
955	导购#开始	我可以挑什么
956	导购#开始	我想买一款手机
957	导购#开始	我想买一部手机
958	导购#开始	我想买手机
959	导购#开始	我想买手机】
960	导购#开始	我想买手机啊
961	导购#开始	我想买手机！
962	导购#开始	我想买手机？
963	导购#开始	我想换手机
964	导购#开始	我想看看你这里的手机
966	导购#开始	我想给我妈妈买一部手机
967	导购#开始	我想要买手机
968	导购#开始	我想要买手机。
969	导购#开始	我是买手机的
970	导购#开始	我是来买手机的
971	导购#开始	我来买手机吧
972	导购#开始	我要买几款手机
973	导购#开始	我要买手机
974	导购#开始	我要买手机,
975	导购#开始	我要买手机、
976	导购#开始	我要买手机呀
977	导购#开始	我要买手机啊
978	导购#开始	我要手机
979	导购#开始	我要看看手机
980	导购#开始	手机
981	导购#开始	手机有什么东西聊？
982	导购#开始	是聊手机
983	导购#开始	有什么好介绍的
984	导购#开始	有什么手机
985	导购#开始	有什么手机介绍
986	导购#开始	有什么手机卖
987	导购#开始	有什么手机卖？
988	导购#开始	有什么手机可以买？
989	导购#开始	有什么手机可以介绍
990	导购#开始	有什么手机啊
991	导购#开始	有什么手机比较好
992	导购#开始	有什么手机？
993	导购#开始	有手机吗
994	导购#开始	有没有手机啊
995	导购#开始	有没有比较好的手机
996	导购#开始	有那些手机
997	导购#开始	来一部手机
998	导购#开始	看手机
999	导购#开始	看看先咯
1000	导购#开始	看看手机呀
1001	导购#开始	给我介绍一台手机吧
1002	导购#开始	给我妈妈买个手机
1003	导购#开始	继续
1004	导购#开始	聊手机吧
1005	导购#开始	聊手机啊
1006	导购#开始	聊手机嘛
1007	导购#开始	聊点什么把
1008	导购#开始	说说手机
1009	导购#开始	请问有什么手机
1010	导购#开始	这里有什么手机
1011	导购#开始	那看看手机咯
1012	导购#开始	那继续啦
1013	导购#开始	什么手机
1014	导购#开始	我问你有什么类型的手机
1015	导购#开始	有什么
1016	导购#开始	有什么款
1017	导购#开始	有什么类型的
1018	导购#开始	有哪些
1019	导购#开始	有啥手机
1020	导购#开始	我们继续聊手机
1021	导购#开始	我再看看
1022	导购#开始	介绍下新手机
1023	导购#开始	你们这里有什么手机卖
1024	导购#开始	你好，这里有什么手机卖
1025	导购#开始	你这里卖手机吗
1026	导购#开始	你这里有手机卖吗
1027	导购#开始	你这里有没有智能手机买
1028	导购#开始	卖不卖手机
1029	导购#开始	原来的手机坏了，想换台新手机
1030	导购#开始	帮帮我选手机
1031	导购#开始	帮我挑选个手机
1032	导购#开始	帮我选一台手机
1033	导购#开始	帮我选一款手机吧
1034	导购#开始	怎么买手机
1035	导购#开始	我想买一台手机
1036	导购#开始	我想买新手机
1037	导购#开始	我想看手机
1038	导购#开始	我想要手机
1039	导购#开始	我现在想换个手机
1040	导购#开始	我要一台新手机
1041	导购#开始	我要买个新手机
1042	导购#开始	我要买新款的手机
1043	导购#开始	我要买款手机
1044	导购#开始	我要给我妈妈买个手机
1045	导购#开始	我需要一台新手机
1046	导购#开始	手机怎么卖
1047	导购#开始	推荐一台手机给我
1048	导购#开始	推荐一款手机给我吧
1049	导购#开始	推荐一款新的手机
1050	导购#开始	有什么手机能卖给我
1051	导购#开始	有什么手机能推荐
1052	导购#开始	有什么新款的手机
1053	导购#开始	有什么比较好的手机
1054	导购#开始	来一款手机
1055	导购#开始	来买手机
1056	导购#开始	给我介绍款手机
1057	导购#开始	请问，这里能买手机吗
1058	导购#开始	这里有手机吗
1059	导购#开始	﻿我想买手机
1060	导购#开始	我想和你聊天
1061	导购#成交	不用，我买了
1062	导购#成交	不错，我买了
1063	导购#成交	买
1064	导购#成交	买三个
1065	导购#成交	买下吧
1066	导购#成交	买了
1067	导购#成交	买吧
1068	导购#成交	买啊
1069	导购#成交	买它了
1070	导购#成交	买这款
1071	导购#成交	买这款了
1072	导购#成交	买这款吧
1073	导购#成交	买这款手机
1074	导购#成交	刚才那台
1075	导购#成交	刚才那台呀
1076	导购#成交	可以，买了
1077	导购#成交	唉，买了买了
1078	导购#成交	嗯嗯，我买了
1079	导购#成交	嗯嗯，那就这个吧 谢谢你
1080	导购#成交	嗯好的我就要这款了
1081	导购#成交	嗯我要了
1082	导购#成交	嗯，买
1083	导购#成交	嗯，买了
1084	导购#成交	嗯，很好，成交
1085	导购#成交	嗯，我就买这款了
1086	导购#成交	嗯，那我买了
1087	导购#成交	够给力，我买了
1088	导购#成交	好吧 那我就要它了
1089	导购#成交	好吧 那我就要这台吧
1090	导购#成交	好吧就要这个了
1091	导购#成交	好吧我就要这部了
1092	导购#成交	好吧我要了
1093	导购#成交	好吧那么就要这部手机了
1094	导购#成交	好吧那我就要这部了
1095	导购#成交	好吧，买了
1096	导购#成交	好吧，就要这个
1097	导购#成交	好吧，就这个
1098	导购#成交	好吧，就这个了
1099	导购#成交	好吧，就这款
1100	导购#成交	好吧，我就勉为其难地要地要了这款吧
1101	导购#成交	好吧，我要买一部
1102	导购#成交	好吧，我要买两个
1103	导购#成交	好吧，那么我就要这部了
1104	导购#成交	好吧，那买了
1105	导购#成交	好吧，那就买这款
1106	导购#成交	好吧，那就这款
1107	导购#成交	好吧，那我就要这部了
1108	导购#成交	好呀我就要这部了
1109	导购#成交	好啊就要这部了
1110	导购#成交	好啊，我就要这部了
1111	导购#成交	好啦我就要刚才那部手机
1112	导购#成交	好就要这款
1113	导购#成交	好就这款
1114	导购#成交	好我就要这台了
1115	导购#成交	好我就要这部了
1116	导购#成交	好我想要这部
1117	导购#成交	好的就要这部了
1118	导购#成交	好的就这个
1119	导购#成交	好的我就买这部
1120	导购#成交	好的我就要这部
1121	导购#成交	好的我就要这部了
1122	导购#成交	好的那就这部吧
1123	导购#成交	好的那我就要这部
1124	导购#成交	好的那我就要这部了
1125	导购#成交	好的，就买这款了
1126	导购#成交	好的，就要这台
1127	导购#成交	好的，就要这款了
1128	导购#成交	好的，就这款
1129	导购#成交	好的，我就要这款
1130	导购#成交	好的，我就要这部了！
1131	导购#成交	好的，我要这款了
1132	导购#成交	好的，那么我要买这部
1133	导购#成交	好的，那我就要这部了
1134	导购#成交	好的，那我要这部
1135	导购#成交	好要三个
1136	导购#成交	好那么我就要这款了
1137	导购#成交	好那我就要这部了
1138	导购#成交	好！我就要这款了！
1139	导购#成交	好，买了
1140	导购#成交	好，就它了
1141	导购#成交	好，就它吧
1142	导购#成交	好，就要这款
1143	导购#成交	好，就要这款了
1144	导购#成交	好，就这款
1145	导购#成交	好，就这款吧
1146	导购#成交	好，我决定买了
1147	导购#成交	好，给我这款
1148	导购#成交	好，这款我要了
1149	导购#成交	好，那就买这款
1150	导购#成交	好，那就这款吧
1151	导购#成交	好，那赶紧成交
1152	导购#成交	对啊，买了
1153	导购#成交	对，买这款
1154	导购#成交	就买刚才那个
1155	导购#成交	就买刚才那台
1156	导购#成交	就买刚才那台呀
1157	导购#成交	就买它
1158	导购#成交	就买它了
1159	导购#成交	就买它吧
1160	导购#成交	就买这个了
1161	导购#成交	就买这台了
1162	导购#成交	就买这款
1163	导购#成交	就买这款了
1164	导购#成交	就买这款吧
1165	导购#成交	就他了
1167	导购#成交	就是它了吧
1168	导购#成交	就要他了
1169	导购#成交	就要它了
1170	导购#成交	就要它呀
1171	导购#成交	就要这台了
1172	导购#成交	就要这台把
1173	导购#成交	就要这款
1174	导购#成交	就要这款了
1175	导购#成交	就要这款吧
1176	导购#成交	就这个
1177	导购#成交	就这个吧
1178	导购#成交	就这个咯
1179	导购#成交	就这台吧
1180	导购#成交	就这款
1181	导购#成交	就这款了
1182	导购#成交	就这款了，谢谢
1183	导购#成交	就这款吧
1184	导购#成交	很好我想要买这部
1185	导购#成交	恩就要这部
1186	导购#成交	恩恩，买了
1187	导购#成交	恩恩，成交
1188	导购#成交	恩我要买这部
1189	导购#成交	恩，就这款了
1190	导购#成交	成交
1191	导购#成交	成交了
1192	导购#成交	我买
1193	导购#成交	我买了
1194	导购#成交	我买它了
1195	导购#成交	我买当前这部吧
1196	导购#成交	我买这部了
1197	导购#成交	我就买了
1198	导购#成交	我就买他了
1199	导购#成交	我就买她
1200	导购#成交	我就买它了
1201	导购#成交	我就买这台
1202	导购#成交	我就买这台了
1203	导购#成交	我就买这款
1204	导购#成交	我就买这部了
1205	导购#成交	我就想买刚才那台
1206	导购#成交	我就要买这部
1207	导购#成交	我就要刚才的呀
1208	导购#成交	我就要刚才那台
1209	导购#成交	我就要刚才那款
1210	导购#成交	我就要这款了
1211	导购#成交	我就要这款吧
1212	导购#成交	我就要这部了
1213	导购#成交	我就要这部啦
1214	导购#成交	我就要这部手机了
1215	导购#成交	我想买
1216	导购#成交	我想买这款
1217	导购#成交	我想买这部
1218	导购#成交	我想买这部手机
1219	导购#成交	我想要买这部
1220	导购#成交	我是说我要这部手机了
1221	导购#成交	我要一个
1222	导购#成交	我要两个
1223	导购#成交	我要买
1224	导购#成交	我要买啊
1225	导购#成交	我要买这一部
1226	导购#成交	我要买这款
1227	导购#成交	我要买这款手机
1229	导购#成交	我要了
1230	导购#成交	我要他了
1231	导购#成交	我要刚才那部手机
1232	导购#成交	我要它了
1233	导购#成交	我要这台
1234	导购#成交	我要这台了
1235	导购#成交	我要这款
1236	导购#成交	没有了，买这款
1237	导购#成交	没有了，我就要这台
1238	导购#成交	算了我就要这部手机了
1239	导购#成交	算了，买了吧
1240	导购#成交	行了，就买它了
1241	导购#成交	要三个
1242	导购#成交	要两个
1243	导购#成交	要这部
1244	导购#成交	说的好，我要这款了
1245	导购#成交	还行，就这款了
1246	导购#成交	这个好，必须买
1247	导购#成交	这台
1248	导购#成交	这款我要
1249	导购#成交	那么我还是要这部
1250	导购#成交	那买了
1251	导购#成交	那买这款好了
1252	导购#成交	那就买了
1253	导购#成交	那就买了吧
1254	导购#成交	那就买吧
1255	导购#成交	那就买喽
1256	导购#成交	那就买这款
1257	导购#成交	那就买这款了
1258	导购#成交	那就买这款吧
1259	导购#成交	那就买这部吧
1260	导购#成交	那就它吧
1261	导购#成交	那就要上面那台
1263	导购#成交	那就要它了
1265	导购#成交	那就要这个咯
1266	导购#成交	那就要这款
1267	导购#成交	那就这款
1268	导购#成交	那就这款吧
1269	导购#成交	那我买一部吧
1270	导购#成交	那我买了
1271	导购#成交	那我买了哦
1272	导购#成交	那我就买它
1273	导购#成交	那我就买这台
1274	导购#成交	那我就要这款吧
1276	导购#成交	我要上一款
1277	导购#成交	我说我要刚才的那部手机
1278	导购#成交	购买
1279	导购#成交	你刚刚推荐的东西挺好的，我都想要一个了
1280	导购#成交	不错，我要买他
1281	导购#成交	买买买
1282	导购#成交	买这个
1283	导购#成交	买这部
1284	导购#成交	决定是他
1285	导购#成交	决定是她
1286	导购#成交	决定是它
1287	导购#成交	决定是这部了
1288	导购#成交	好，就要他了
1289	导购#成交	就他吧
1290	导购#成交	就她吧
1291	导购#成交	就它吧
1292	导购#成交	就是他了
1293	导购#成交	就是她了
1294	导购#成交	就是它了
1295	导购#成交	就是想要他
1296	导购#成交	就是想要她
1297	导购#成交	就是想要它
1298	导购#成交	就是想要这台
1299	导购#成交	就是要他
1300	导购#成交	就是要她
1301	导购#成交	就是要它
1302	导购#成交	就是要这台
1303	导购#成交	就是这台了
1304	导购#成交	就要她了
1305	导购#成交	就这台
1306	导购#成交	就这手机
1307	导购#成交	就这部
1308	导购#成交	属于我的了
1309	导购#成交	带回家
1310	导购#成交	想买的就是他
1311	导购#成交	想买的就是她
1312	导购#成交	想买的就是它
1313	导购#成交	我买他了
1314	导购#成交	我买这一部
1315	导购#成交	我就要这一部
1316	导购#成交	我要
1317	导购#成交	我要她
1318	导购#成交	我要这个了
1319	导购#成交	我还要再买这款
1320	导购#成交	把他带回家
1321	导购#成交	把他收回家
1322	导购#成交	把她带回家
1323	导购#成交	把她收回家
1324	导购#成交	把它带回家
1325	导购#成交	把它收回家
1326	导购#成交	挑中是他了
1327	导购#成交	挑中是她了
1328	导购#成交	挑中是它了
1329	导购#成交	挑中这台了
1330	导购#成交	挑中这部了
1331	导购#成交	挑中这部手机
1332	导购#成交	收下了
1333	导购#成交	收回家
1334	导购#成交	敲定他
1335	导购#成交	敲定她
1336	导购#成交	敲定它
1337	导购#成交	是我的
1338	导购#成交	是我的了
1339	导购#成交	正是买他
1340	导购#成交	正是买她
1341	导购#成交	正是买它
1342	导购#成交	正是买这部
1343	导购#成交	正是要他
1344	导购#成交	正是要她
1345	导购#成交	正是要它
1346	导购#成交	正是要这部
1347	导购#成交	相中是他
1348	导购#成交	相中是她
1349	导购#成交	相中是它
1350	导购#成交	相中是这台了
1351	导购#成交	相中是这部了
1352	导购#成交	相中这部手机
1353	导购#成交	要一个
1354	导购#成交	要一套
1355	导购#成交	要两套
1356	导购#成交	要两款
1357	导购#成交	要了
1358	导购#成交	要了他
1359	导购#成交	要了她
1360	导购#成交	要了它
1361	导购#成交	要五个
1362	导购#成交	要六个
1363	导购#成交	要四个
1364	导购#成交	要要要
1365	导购#成交	要这个
1366	导购#成交	要这台
1367	导购#成交	要这款
1368	导购#成交	要这种
1369	导购#成交	这款我要了
1370	导购#成交	﻿成交
1371	导购#更换	买不起，换一款
1372	导购#更换	再换一个
1373	导购#更换	可惜了，换一个呗
1374	导购#更换	我要更好的
1375	导购#更换	换一个
1376	导购#更换	换一台
1377	导购#更换	换一台手机
1378	导购#更换	换一款
1379	导购#更换	换一款吧
1380	导购#更换	换一款呗
1381	导购#更换	换一款手机
1382	导购#更换	换一款新的把
1383	导购#更换	换一部吧
1384	导购#更换	有更好的吗？
1385	导购#更换	有更好的推荐码
1386	导购#更换	有更好的推荐码完
1387	导购#更换	还有更好的么
1388	导购#更换	还行，有更好的么
1389	导购#更换	那换一款
1390	导购#更换	那换一部吧
1391	导购#更换	我想换另一台
1392	导购#更换	我想换另一款
1393	导购#更换	我想要其他的
1394	导购#更换	我想要其他的手机
1395	导购#更换	我想要别的手机
1396	导购#更换	我想要另一台手机
1397	导购#更换	我想要另一款手机
1398	导购#更换	我想要另一部手机
1399	导购#更换	我要其他手机
1400	导购#更换	我要其他的
1401	导购#更换	我要别的
1402	导购#更换	我要另一款
1403	导购#更换	我要另一部手机
1404	导购#更换	换一个手机
1405	导购#更换	换一个给我吧
1406	导购#更换	换一款来看看
1407	导购#更换	换其他的
1408	导购#更换	换其他的看看
1409	导购#更换	推荐其他的手机给我吧
1410	导购#更换	推荐别的可以吗
1411	导购#更换	推荐别的给我吧
1412	导购#更换	推荐另一台吧
1413	导购#更换	推荐另一部
1414	导购#更换	更换一台可以吗
1415	导购#更换	给我另一部手机
1416	导购#更换	给我推荐其他的手机
1417	导购#更换	给我看另一台手机吧
1418	导购#更换	给我看另一款手机吧
1419	导购#更换	还有其他手机吗
1420	导购#更换	还有其他款式的吗
1421	导购#更换	还有其他的吗
1422	导购#更换	还有其他的手机吗
1423	导购#更换	还有其他类型的吗
1424	导购#更换	还有别的吗
1425	导购#更换	还有别的手机吗
1426	导购#更换	还有别的款式吗
1427	导购#更换	还有别的类型吗
1428	导购#更换	还有另一台吗
1429	导购#更换	还有另一款吗
1430	导购#更换	还有另一部吗
1431	导购#更换	还有吗
1432	导购#更换	麻烦推荐其他的给我
1433	导购#更换	﻿换一款吧
1434	导购#结束	88
1435	导购#结束	886
1436	导购#结束	88～
1437	导购#结束	下次再来吧
1438	导购#结束	下次再见
1439	导购#结束	下次聊
1440	导购#结束	不买了，再见
1441	导购#结束	不买了，去洗澡先
1442	导购#结束	不了，再见
1443	导购#结束	不和你聊了，再见！
1444	导购#结束	不早了
1445	导购#结束	不聊了
1446	导购#结束	不说了，再见
1447	导购#结束	你好再见
1448	导购#结束	再聊
1449	导购#结束	再见
1450	导购#结束	再见~
1451	导购#结束	再见了
1452	导购#结束	再见咯
1453	导购#结束	再见啦
1454	导购#结束	再见！
1455	导购#结束	再见，不买了
1456	导购#结束	再见，谢谢
1457	导购#结束	吃饭去了先
1458	导购#结束	哈哈再见
1459	导购#结束	哈哈好的再见
1460	导购#结束	嗯嗯再见
1461	导购#结束	嗯嗯，拜拜
1462	导购#结束	嗯嗯，晚安
1463	导购#结束	嗯，拜拜
1464	导购#结束	好再见
1465	导购#结束	好吧再见
1466	导购#结束	好吧该睡觉了
1467	导购#结束	好吧，我敲论文了，你自己慢慢玩哈～～
1468	导购#结束	好吧，谢谢你的推荐，再见
1469	导购#结束	好吧，谢谢晚安
1470	导购#结束	好哒，拜拜！
1471	导购#结束	好的再见
1472	导购#结束	好的，再见
1473	导购#结束	好的，拜拜
1474	导购#结束	完了再见
1475	导购#结束	就这样
1476	导购#结束	就这样吧
1477	导购#结束	恩再见
1478	导购#结束	恩，拜拜
1479	导购#结束	我不想买了，再见
1480	导购#结束	我是说拜拜啦
1481	导购#结束	我走了
1482	导购#结束	我赶时间先走了
1483	导购#结束	拜把有
1484	导购#结束	拜拜
1485	导购#结束	拜拜了
1486	导购#结束	拜拜，不买了
1487	导购#结束	明天见
1488	导购#结束	晚安
1489	导购#结束	没有了，拜拜
1490	导购#结束	算了我不想买了，再见
1491	导购#结束	算了，拜拜
1492	导购#结束	说再见呢
1493	导购#结束	谢啦，再见
1494	导购#结束	走了
1495	导购#结束	这样，好吧那我走了
1496	导购#结束	这段是回顾用的，拜拜
1497	导购#结束	那好吧，再见了
1498	导购#结束	：） 再见
1499	导购#结束	告别语：再见、欢迎再来、祝您一路顺风、请再来
1500	导购#结束	谢谢光临，希望下次还能为您服务
1501	导购#结束	一路顺风
1502	导购#结束	下次再和你聊，我们下次接着聊吧
1503	导购#结束	下次再好好聊聊
1504	导购#结束	下次再聊
1505	导购#结束	下次见
1506	导购#结束	不和你说了
1507	导购#结束	不好意思，我现在就得走
1508	导购#结束	不说了
1509	导购#结束	不送你啦
1510	导购#结束	不送啦
1511	导购#结束	与你这次谈话非常愉快
1512	导购#结束	亲爱的，晚安
1513	导购#结束	今天聊到这里先把
1514	导购#结束	你忙吧，改天再聊
1515	导购#结束	保持联系
1516	导购#结束	再见，小心点
1517	导购#结束	再见，当心点
1518	导购#结束	再见，请留步
1519	导购#结束	别忘了我们的约会,明天见吧
1520	导购#结束	到了再给我打电话
1521	导购#结束	到了应该离开的时候了
1522	导购#结束	午安
1523	导购#结束	后会有期，朋友
1524	导购#结束	回头见
1525	导购#结束	天下没有不散的筵席
1526	导购#结束	天色晚了，我得马上动身了
1527	导购#结束	天越来越黑，我得走了
1528	导购#结束	天黑了，我得走了
1529	导购#结束	失陪了
1530	导购#结束	好梦
1531	导购#结束	对不起，我得赶快走
1532	导购#结束	希望我们以后能经常保持联络
1533	导购#结束	希望我们明天就能相逢
1534	导购#结束	常联系
1535	导购#结束	待会儿见
1536	导购#结束	很感谢您费时和我畅谈，我该告辞了
1537	导购#结束	我不和你说了
1538	导购#结束	我们可以明天继续谈
1539	导购#结束	我们对您的关照，谨致谢意
1540	导购#结束	我们就此别过
1541	导购#结束	我们就谈到这里，你看怎么样
1542	导购#结束	我们改天再解决这一争论好吗
1543	导购#结束	我们要暂时分别了
1544	导购#结束	我们过些时候再聊
1545	导购#结束	我会再打电话给你的
1546	导购#结束	我先去洗澡了
1547	导购#结束	我先走了
1548	导购#结束	我得赶末班车回城
1549	导购#结束	我想我们这样也谈不出什么名堂来了
1550	导购#结束	我想我最好现在就走。我们就此告别吧
1551	导购#结束	我有事先忙
1552	导购#结束	我期待着你的消息
1553	导购#结束	我现在必须结束我们的谈话了
1554	导购#结束	我的朋友正准备走，我得去送他
1555	导购#结束	我真的要走了
1556	导购#结束	我舍不得你走，但是你要走我也没法挽留，只能说声“一路顺风”
1557	导购#结束	我要去吃饭了
1558	导购#结束	我要去忙其他事了
1559	导购#结束	我要告辞了
1560	导购#结束	我要说的都说完了
1561	导购#结束	我要走了，不知道下次什么时候再见
1562	导购#结束	我要走了，我要迟到了
1563	导购#结束	我走啦
1564	导购#结束	我非常渴望以后有机会能和你在网上聊天
1565	导购#结束	抱歉，我不得不走了
1566	导购#结束	撤了。先撤了
1567	导购#结束	是我该走的时候了，谢谢您陪我
1568	导购#结束	晚安。我睡了
1569	导购#结束	晚安，祝好梦
1570	导购#结束	来也匆匆，去也匆匆，期待下一次重逢
1571	导购#结束	没什么事了
1572	导购#结束	没什么事我就先走了
1573	导购#结束	没想到已这么晚了，我得走
1574	导购#结束	洗洗睡了
1575	导购#结束	火车八点开，我恐怕现在得快点走
1576	导购#结束	真对不起，你们再聊，我不得不先走一步了
1577	导购#结束	祝好梦
1578	导购#结束	请珍重
1579	导购#结束	请见谅，我不得不先告辞了
1580	导购#结束	走了，去吃饭了
1581	导购#结束	走啦
1582	导购#结束	路上小心，注意车辆
1583	导购#结束	还有什么需要，再打电话联系我
1584	导购#结束	这我们以后再谈
1585	导购#结束	那我们就下周再见吧
1586	导购#结束	﻿晚安
1587	导购#详情	介绍一下
1588	导购#详情	介绍一下这款
1589	导购#详情	介绍下手机
1590	导购#详情	你说吧
1591	导购#详情	具体一点
1592	导购#详情	具体点
1593	导购#详情	听听
1594	导购#详情	怎样
1595	导购#详情	我不懂这些，你给我讲讲
1596	导购#详情	比如说？
1597	导购#详情	详细点
1598	导购#详情	说
1599	导购#详情	这款介绍一下
1600	导购#详情	这部怎样
1601	导购#详情	你这里卖什么牌子的手机
1602	导购#详情	可不可以给我介绍一下这部手机
1603	导购#详情	介绍下
1604	导购#详情	介绍下详情
1605	导购#详情	具体介绍下
1606	导购#详情	具体怎样
1607	导购#详情	具体点讲
1608	导购#详情	有好的介绍吗
1609	导购#详情	详细介绍下
1610	导购#详情	详细点讲
1611	导购#详情	说清楚点
1612	导购#详情	﻿介绍下
1613	表态#不满	下次不来了
1614	表态#不满	不买了我很生气
1615	表态#不满	不喜欢
1616	表态#不满	不喜欢这一款
1617	表态#不满	不好
1618	表态#不满	不开心
1619	表态#不满	不想说了
1620	表态#不满	不满意
1621	表态#不满	不给好评了
1622	表态#不满	也是醉了
1623	表态#不满	今晚很不开心
1624	表态#不满	你叫什么，我要投诉你
1625	表态#不满	你好坑爹
1626	表态#不满	你好笨
1627	表态#不满	你很烦哎
1628	表态#不满	你真笨
1629	表态#不满	你都没推荐给我
1630	表态#不满	卧槽，那该怎样
1631	表态#不满	受不了
1632	表态#不满	哈哈你真笨
1633	表态#不满	坑爹
1634	表态#不满	好烦
1635	表态#不满	差评
1636	表态#不满	很不满意
1637	表态#不满	心情不好
1638	表态#不满	感觉你服务不好
1639	表态#不满	我不好
1640	表态#不满	我不开心
1641	表态#不满	我生气了
1642	表态#不满	我要投诉你
1643	表态#不满	我跟你进行不下去了
1644	表态#不满	无语
1645	表态#不满	是你在调皮好吗？！不过就是想要买个手机。。。
1646	表态#不满	给不给我走
1647	表态#不满	给差评
1648	表态#不满	还是他啊
1649	表态#不满	这个时候我想爆粗~
1650	表态#不满	都说了我不好╮(╯﹏╰)╭
1651	表态#不满	骗我
1652	表态#不满	不然还想怎样
1653	表态#不满	不理你了
1654	表态#不满	为什么要那么久
1655	表态#不满	他确实令人讨厌
1656	表态#不满	你不该来到这个世界上
1657	表态#不满	你们好过分
1658	表态#不满	你们给我安静点
1659	表态#不满	你怎么那么笨
1660	表态#不满	你还想怎样
1661	表态#不满	保持安静，不许讲话
1662	表态#不满	停下来听我讲句话行不行
1663	表态#不满	停停停
1664	表态#不满	停，怎么把我给忘了
1665	表态#不满	哎呀呀，有种再说一句
1666	表态#不满	够了
1667	表态#不满	够了！刚才的话把我惹火了
1668	表态#不满	大家视你为仇敌
1669	表态#不满	好伤人的话啊
1670	表态#不满	好过分
1671	表态#不满	安静，安静
1672	表态#不满	快住口
1673	表态#不满	我对你十分无语，不想再听你说话了
1674	表态#不满	过分
1675	表态#不满	什么鬼
1676	表态#不满	一般般
1677	表态#不满	一般般你
1678	表态#不满	不合意
1679	表态#不满	不合胃口
1680	表态#不满	不合适
1681	表态#不满	不喜欢这个
1682	表态#不满	不喜欢这台
1683	表态#不满	不喜欢这台手机
1684	表态#不满	不喜欢这款
1685	表态#不满	不喜欢这款手机
1686	表态#不满	不喜欢这种
1687	表态#不满	不太合意
1688	表态#不满	不太合胃口
1689	表态#不满	不太合适
1690	表态#不满	不太满意
1691	表态#不满	太差了
1692	表态#不满	差劲
1693	表态#不满	没想象中的好
1694	表态#不满	糟糕
1695	表态#不满	还没到我喜欢的
1696	表态#不满	这个我不喜欢
1697	表态#不满	真是无语了
1698	表态#不满	不和你玩了
1699	表态#不满	不跟你玩了
1700	表态#不满	我不和你玩了
1701	表态#不用谢	不用客气
1703	表态#不用谢	客气
1704	表态#否定	不
1705	表态#否定	不不不
1707	表态#否定	不会
1708	表态#否定	不对
1709	表态#否定	不想买手机会怎样
1711	表态#否定	不用了，
1712	表态#否定	不能
1713	表态#否定	不行不行
1714	表态#否定	你没有我想要的
1715	表态#否定	嗯嗯，不过我不喜欢。
1716	表态#否定	好吧 我不要了
1717	表态#否定	好吧你这里没有我想要的
1718	表态#否定	好吧，我不是很想买手机了
1719	表态#否定	我不喜欢这部
1720	表态#否定	我不是问天气啊
1721	表态#否定	我没问这个
1722	表态#否定	我觉得不会
1723	表态#否定	我说不喜欢
1724	表态#否定	我还没说要求
1725	表态#否定	我还没说需求诶
1726	表态#否定	无
1727	表态#否定	没
1729	表态#否定	没听过啊
1732	表态#否定	没有哦
1733	表态#否定	没有啊
1734	表态#否定	没有我想要的
1735	表态#否定	没谢你
1736	表态#否定	真的都不是啊
1737	表态#否定	算了
1738	表态#否定	算了我不是很想买了
1739	表态#否定	这款不喜欢
1740	表态#否定	这款太旧
1741	表态#否定	这里没有我想要的手机
1742	表态#否定	那算了
1744	表态#否定	都不是啊
1745	表态#否定	我没有
1746	表态#否定	不可以这样
1747	表态#否定	不太好
1748	表态#否定	不太行
1749	表态#否定	不太靠谱
1750	表态#否定	不怎么样
1751	表态#否定	不是
1752	表态#否定	不是很好
1753	表态#否定	不是我的菜
1754	表态#否定	不是这样的
1755	表态#否定	不行
1756	表态#否定	不要这个
1757	表态#否定	不要这个手机
1758	表态#否定	不要这台
1759	表态#否定	不要这款
1760	表态#否定	不要这款手机
1761	表态#否定	不要这种
1762	表态#否定	不要这部
1763	表态#否定	不要这部手机
1764	表态#否定	不靠谱
1765	表态#否定	你不应该这样做
1766	表态#否定	你不应该这样说
1767	表态#否定	你不能乱说话
1768	表态#否定	你不能这样做
1769	表态#否定	你不能这样想
1770	表态#否定	你不能这样说
1771	表态#否定	你的做法是不行的
1772	表态#否定	你的想法不好
1773	表态#否定	你的想法是不对的
1774	表态#否定	你的想法是不行的
1775	表态#否定	你的观点是不行的
1776	表态#否定	你的言论遭到了我们的否定
1777	表态#否定	你的论点是不行的
1778	表态#否定	你的话非君子之言
1779	表态#否定	你说错了
1780	表态#否定	你说错了把
1781	表态#否定	你这样是不对的
1782	表态#否定	你这样是不行的
1783	表态#否定	反对你的观点
1784	表态#否定	太平常了
1785	表态#否定	太普通了
1786	表态#否定	平庸
1787	表态#否定	很普通
1788	表态#否定	我不同意
1789	表态#否定	我不同意你的看法
1790	表态#否定	我不同意你的说法
1791	表态#否定	我不喜欢啊
1792	表态#否定	我不喜欢它
1793	表态#否定	我不喜欢这个
1794	表态#否定	我不喜欢这台手机
1795	表态#否定	我不大喜欢
1796	表态#否定	我不太喜欢
1797	表态#否定	我不愿意
1798	表态#否定	我不要
1799	表态#否定	我不要你说得这个
1800	表态#否定	我不要这个手机
1801	表态#否定	我不要这款手机
1802	表态#否定	我不要这部手机
1803	表态#否定	我不认为你做得好
1804	表态#否定	我不认为你做的对
1805	表态#否定	我不认为你的做法是好的
1806	表态#否定	我不认为你的做法是对的
1807	表态#否定	我不认为你的做法是行的
1808	表态#否定	我不认为你的想法是好的
1809	表态#否定	我不认为你的想法是对的
1810	表态#否定	我不认为你的想法是行的
1811	表态#否定	我不认为你的观点是好的
1812	表态#否定	我不认为你的观点是对的
1813	表态#否定	我不认为你的观点是行的
1814	表态#否定	我不认为你的说法是好的
1815	表态#否定	我不认为你的说法是对的
1816	表态#否定	我不认为你的说法是行的
1817	表态#否定	我不认为你说得好
1818	表态#否定	我不认为你说得是对的
1819	表态#否定	我不认为你说的对
1820	表态#否定	我不认为是这样的
1821	表态#否定	我不认为这是对的
1822	表态#否定	我反对
1823	表态#否定	我否定你的做法
1824	表态#否定	我否定你的答案
1825	表态#否定	我绝对不同意你的观点
1826	表态#否定	我觉得不合适
1827	表态#否定	我觉得不好
1828	表态#否定	我觉得这台手机不好
1829	表态#否定	我觉得这款不好
1830	表态#否定	我觉得这部手机不好
1831	表态#否定	我认为不是这样的
1832	表态#否定	我认为你做的不对
1833	表态#否定	我认为你的做法不好
1834	表态#否定	我认为你的做法是不好的
1835	表态#否定	我认为你的做法是不对的
1836	表态#否定	我认为你的做法是不行的
1837	表态#否定	我认为你的想法不好
1838	表态#否定	我认为你的想法是不好的
1839	表态#否定	我认为你的想法是不对的
1840	表态#否定	我认为你的想法是不行的
1841	表态#否定	我认为你的观点不好
1842	表态#否定	我认为你的观点是不好的
1843	表态#否定	我认为你的观点是不对的
1844	表态#否定	我认为你的观点是不行的
1845	表态#否定	我认为你的说法不好
1846	表态#否定	我认为你的说法是不好的
1847	表态#否定	我认为你的说法是不对的
1848	表态#否定	我认为你的说法是不行的
1849	表态#否定	我认为你说的不对
1850	表态#否定	我认为这是不对的
1851	表态#否定	无直接关系
1852	表态#否定	这不可能是对的
1853	表态#否定	这不可能是这样的
1854	表态#否定	这不是对的
1855	表态#否定	这个我不想要
1856	表态#否定	这台手机不要了
1857	表态#否定	这是不对的
1858	表态#否定	这样是不好的
1859	表态#否定	这样是不对的
1860	表态#否定	这样是不行的
1861	表态#否定	错误
1862	表态#否定	﻿不
1863	表态#接受道歉	做错了可以再来过嘛，加油
1864	表态#满意	不错
1865	表态#满意	不错不错
1866	表态#满意	你真热情
1867	表态#满意	厉害喔
1868	表态#满意	听起来不错
1869	表态#满意	哈哈，你好可爱
1870	表态#满意	哈哈，你好幽默
1871	表态#满意	哦，好像很不错
1872	表态#满意	啊，挺不错的
1873	表态#满意	嗯嗯，你真厉害
1874	表态#满意	嗯，不错
1875	表态#满意	嗯，很好
1876	表态#满意	好像不错呀
1877	表态#满意	好评
1878	表态#满意	好，不错
1879	表态#满意	好，我喜欢
1880	表态#满意	好，我就是喜欢这种手机
1881	表态#满意	好，说的不错
1882	表态#满意	开心
1883	表态#满意	很好
1884	表态#满意	很好啊
1885	表态#满意	很棒！真的！漂亮！
1886	表态#满意	很满意
1887	表态#满意	恩不错
1888	表态#满意	恩，不错
1889	表态#满意	恩，非常不错
1890	表态#满意	我喜欢
1891	表态#满意	我觉得这台手机不错
1892	表态#满意	我说很好
1893	表态#满意	挺不错的
1894	表态#满意	挺不错的啊
1895	表态#满意	挺好
1896	表态#满意	挺好的
1897	表态#满意	看起来不错
1898	表态#满意	还不错
1899	表态#满意	还不错嘛
1900	表态#满意	这款不错
1901	表态#满意	这款很好，很适合
1902	表态#满意	这款手机挺不错的
1903	表态#满意	那还不错
1904	表态#满意	非常不错
1905	表态#满意	非常好
1906	表态#满意	万岁，耶
1907	表态#满意	不愧是你
1908	表态#满意	他跟你介绍的那个样子差不多，你说的太准了
1909	表态#满意	你刚刚的话让我受益匪浅
1910	表态#满意	你刚刚让我大吃一惊，说得太好了
1911	表态#满意	你刚刚讲的话很精彩
1912	表态#满意	你办事，我放心
1913	表态#满意	你太聪明了，我太崇拜你了
1914	表态#满意	你好幽默啊，大家都被你逗乐了
1915	表态#满意	你对大家很友善哦
1916	表态#满意	你对大家都很公平，值得学习
1917	表态#满意	你很勇敢哦
1918	表态#满意	你的状态非常饱满哦
1919	表态#满意	你的观点很好，大家会赞成的
1920	表态#满意	你真厉害
1921	表态#满意	你真帅
1922	表态#满意	你表现得很自信哦
1923	表态#满意	你讲的对，这件事必须按你说的办
1924	表态#满意	你说的真好
1925	表态#满意	你说的话好有道理，就按你说的办
1926	表态#满意	做人就该像你这样低调嘛
1927	表态#满意	听了你的话，顿时心里踏实了
1928	表态#满意	和你聊得很开心
1929	表态#满意	哈哈，幸亏有你在
1930	表态#满意	好犀利啊
1931	表态#满意	希望你再接再厉，取得更大的进步
1932	表态#满意	干得好
1933	表态#满意	干的漂亮
1934	表态#满意	我很享受我们之间的交流
1935	表态#满意	我懂了，好厉害
1936	表态#满意	有你在，真好啊
1937	表态#满意	有你真好
1938	表态#满意	正解，难得我们能想到一块去
1939	表态#满意	真厉害啊
1940	表态#满意	讲话就该像你这样
1941	表态#满意	貌似很不错哦
1942	表态#满意	非常棒
1943	表态#满意	不错的手机
1944	表态#满意	他确实挺不错的
1945	表态#满意	你太给力了
1946	表态#满意	你说得不错
1947	表态#满意	你说得对，我认为很正确
1948	表态#满意	做的好
1949	表态#满意	太给力了
1950	表态#满意	好厉害的手机
1951	表态#满意	好喜欢的手机
1952	表态#满意	好开心啊，谢谢你哦
1953	表态#满意	好犀利
1954	表态#满意	我中意它
1955	表态#满意	我中意这款
1956	表态#满意	我好中意
1957	表态#满意	我好喜欢这个
1958	表态#满意	我很喜欢
1959	表态#满意	我真心喜欢他
1960	表态#满意	我非常喜欢这个
1961	表态#满意	漂亮
1962	表态#满意	牛
1963	表态#满意	牛逼
1964	表态#满意	猴赛雷
1965	表态#满意	看来你的推荐可以接受
1966	表态#满意	真棒
1967	表态#满意	真牛
1968	表态#满意	真的不错
1969	表态#满意	真的好漂亮
1970	表态#满意	给你赞一个
1971	表态#满意	给力
1972	表态#满意	绝对好评
1973	表态#满意	说得太棒了
1974	表态#满意	赞
1975	表态#满意	超级棒的手机
1976	表态#满意	这个不错
1977	表态#满意	这款手机不错
1978	表态#满意	这款手机好犀利
1980	表态#犹豫	不知道买不买
1981	表态#犹豫	不知道哪款好
1982	表态#犹豫	你主动点吧。我眼花缭乱，没主意了
1983	表态#犹豫	你帮我推荐一下咯
1984	表态#犹豫	你推荐
1985	表态#犹豫	你有什么好推荐的？
1986	表态#犹豫	你有什么好推荐？
1987	表态#犹豫	你给我推荐啊
1988	表态#犹豫	你能帮我对比下手机吗
1989	表态#犹豫	你说得有点乱，我不知道选哪个好
1990	表态#犹豫	你说得有点乱，我都不知道选哪个好
1991	表态#犹豫	叫你推荐一款手机给我呀
1992	表态#犹豫	哪个好点
1993	表态#犹豫	哪款好
1994	表态#犹豫	哪部好点
1995	表态#犹豫	好可以考虑下
1996	表态#犹豫	好吧，我再考虑一下
1997	表态#犹豫	我不知道哪个好
1998	表态#犹豫	我不知道选哪个好
1999	表态#犹豫	我也不知道
2000	表态#犹豫	我也不知道哪个好
2001	表态#犹豫	我再考虑下
2002	表态#犹豫	我在考虑下把
2003	表态#犹豫	我考虑一下
2004	表态#犹豫	我要想想
2005	表态#犹豫	我还没考虑好
2006	表态#犹豫	正在考虑{#表态#犹豫#直接模板}
2007	表态#犹豫	考虑下
2008	表态#犹豫	哦，有什么手机推荐呢？
2009	表态#犹豫	想你帮我推荐一部手机
2010	表态#犹豫	有什么好手机推荐吗？
2011	表态#犹豫	有什么手机推荐一下
2012	表态#犹豫	有什么手机推荐下
2013	表态#犹豫	直接给我推荐一台
2014	表态#犹豫	给我推荐一台
2015	表态#犹豫	给我推荐一款手机
2016	表态#犹豫	给我推荐手机吧
2017	表态#犹豫	有什么推荐
2018	表态#犹豫	那你推荐下吧
2019	表态#犹豫	那你给我推荐呀
2020	表态#犹豫	你好，等我问清楚了，再过来答复您好吗
2021	表态#犹豫	我没有任何思路
2022	表态#犹豫	我没有任何想法
2023	表态#犹豫	我没有任何方案
2024	表态#犹豫	我没有任何观点
2025	表态#犹豫	我没有好的做法
2026	表态#犹豫	我没有好的思路
2027	表态#犹豫	我没有好的想法
2028	表态#犹豫	我没有好的方案
2029	表态#犹豫	我没有好的观点
2030	表态#犹豫	你有什么意见
2031	表态#犹豫	你的意见呢
2032	表态#犹豫	有好的意见吗
2033	表态#犹豫	给点意见
2034	表态#犹豫	没那么喜欢
2035	表态#犹豫	买还是不买呢
2036	表态#犹豫	你有没有什么好的建议
2037	表态#犹豫	你有没有好的建议吗
2038	表态#犹豫	你等等，我再想下
2039	表态#犹豫	你认为我买哪款比较好
2040	表态#犹豫	你说买哪个好点
2041	表态#犹豫	再考虑下
2042	表态#犹豫	到底值不值得买呢
2043	表态#犹豫	到底哪一款比较好
2044	表态#犹豫	可是我没有想好买哪部手机
2045	表态#犹豫	哪一个比较好
2046	表态#犹豫	哪个好呢
2047	表态#犹豫	哪个好看点
2048	表态#犹豫	哪款好呢
2049	表态#犹豫	好纠结好纠结呀
2050	表态#犹豫	我不清楚想要哪个
2051	表态#犹豫	我不知道选哪一个
2052	表态#犹豫	我不知道选哪款手机
2053	表态#犹豫	我不确定到底要买哪一款手机
2054	表态#犹豫	我再思考下
2055	表态#犹豫	我再想想
2056	表态#犹豫	我再考虑下把
2057	表态#犹豫	我和朋友商量下
2058	表态#犹豫	我思考下
2059	表态#犹豫	我想先考虑下
2060	表态#犹豫	我想想
2061	表态#犹豫	我想考虑下
2062	表态#犹豫	我无法做出决定
2063	表态#犹豫	我犹豫不决啊
2064	表态#犹豫	我要买哪一个
2065	表态#犹豫	我该使用哪款手机
2066	表态#犹豫	我还在纠结哪一个
2067	表态#犹豫	正在犹豫要不要
2068	表态#犹豫	犹豫不决
2069	表态#犹豫	等一下，我想想
2070	表态#犹豫	要这部手机还是那部呢
2071	表态#犹豫	谁比较好
2072	表态#犹豫	这部手机好还是那部手机好
2073	表态#犹豫	选哪一台好呢
2074	表态#犹豫	那么，你觉得哪一款适合我
2075	表态#犹豫	那么，你觉得这部手机好吗
2076	表态#犹豫	那么，我选哪一款好
2077	表态#犹豫	都不知买不买好
2078	表态#犹豫	﻿纠结，不知道买不买好，好纠结
2079	表态#疑问	好吗
2080	表态#疑问	这样真的好吗
2081	表态#疑问	所以你给我哪部啊
2082	表态#疑问	为什么
2083	表态#疑问	真的么
2084	表态#疑问	真的么，好好玩的样子
2085	表态#疑问	真的么？怎么会这样呢
2086	表态#肯定	有
2087	表态#肯定	那就好
2088	表态#肯定	也可以把
2089	表态#肯定	也行
2090	表态#肯定	决定了
2091	表态#肯定	可以
2092	表态#肯定	可以 啊
2093	表态#肯定	可以啊
2094	表态#肯定	可以接受
2095	表态#肯定	可以！
2096	表态#肯定	哈哈好的
2097	表态#肯定	哦，可以
2098	表态#肯定	嗯
2099	表态#肯定	嗯不用客气
2101	表态#肯定	嗯嗯好
2102	表态#肯定	嗯，还行
2103	表态#肯定	嘻嘻好哒
2104	表态#肯定	好
2105	表态#肯定	好吧
2106	表态#肯定	好吧~
2107	表态#肯定	好呀
2108	表态#肯定	好咯
2109	表态#肯定	好哒
2111	表态#肯定	好的
2112	表态#肯定	好的我知道了
2113	表态#肯定	好的试试
2114	表态#肯定	好，也行
2115	表态#肯定	好，可以
2116	表态#肯定	对
2117	表态#肯定	对啊
2118	表态#肯定	必须的
2119	表态#肯定	恩
2120	表态#肯定	恩·
2121	表态#肯定	恩。。。
2122	表态#肯定	恩哈行
2123	表态#肯定	恩好的
2125	表态#肯定	恩还行
2126	表态#肯定	恩，好饿
2127	表态#肯定	我看行
2128	表态#肯定	我觉得挺好的
2129	表态#肯定	是
2130	表态#肯定	是呀
2131	表态#肯定	是的
2132	表态#肯定	是的，我也在用
2133	表态#肯定	没疑问啊
2134	表态#肯定	没问题
2135	表态#肯定	没问题啦
2136	表态#肯定	看着合适就行
2137	表态#肯定	知道
2138	表态#肯定	知道了
2139	表态#肯定	确定了
2140	表态#肯定	能
2141	表态#肯定	行
2142	表态#肯定	行了，决定好了
2143	表态#肯定	行咯
2144	表态#肯定	要
2145	表态#肯定	要啊
2146	表态#肯定	还可以
2147	表态#肯定	还可以呀
2148	表态#肯定	还可以啊
2149	表态#肯定	还行
2150	表态#肯定	还行吧
2151	表态#肯定	还行呀
2152	表态#肯定	还行啊
2153	表态#肯定	还行，
2154	表态#肯定	这个可以
2155	表态#肯定	这款可以
2156	表态#肯定	那好吧
2157	表态#肯定	都要
2158	表态#肯定	嗯，好
2159	表态#肯定	你说的对哦，这件事本该如此
2160	表态#肯定	听你的话
2161	表态#肯定	呦西
2162	表态#肯定	好好好
2163	表态#肯定	对啊，对啊
2164	表态#肯定	对，就是这样
2165	表态#肯定	就是你说的这样做
2166	表态#肯定	就该这样做的
2167	表态#肯定	感觉好像那部手机好一点
2168	表态#肯定	真的该这样
2169	表态#肯定	确定要
2170	表态#肯定	OK
2171	表态#肯定	ok
2172	表态#肯定	你是对的
2173	表态#肯定	你说得对
2174	表态#肯定	可以啦
2175	表态#肯定	可以喔
2176	表态#肯定	可以没问题
2177	表态#肯定	可以的
2178	表态#肯定	可以要
2179	表态#肯定	同意
2180	表态#肯定	嗯，好的啊
2181	表态#肯定	嗯，对
2182	表态#肯定	嗯，我认为我的想法完全正确
2183	表态#肯定	嗯，我认为我的想法是对的
2184	表态#肯定	嗯，我认为这是对的
2185	表态#肯定	嗯，我认为这是正确的
2186	表态#肯定	嗯，我认为这能行
2187	表态#肯定	嗯，是的
2188	表态#肯定	嗯，是这样
2189	表态#肯定	嗯，肯定是对的
2190	表态#肯定	嗯，肯定是正确的
2191	表态#肯定	嗯，这是对的啊
2192	表态#肯定	好的啊
2193	表态#肯定	好的，我支持你
2194	表态#肯定	好评
2195	表态#肯定	完全正确
2196	表态#肯定	对的
2197	表态#肯定	对的啊
2198	表态#肯定	我也这么认为的
2199	表态#肯定	我同意
2200	表态#肯定	我同意你的想法
2201	表态#肯定	我同意你的说法
2202	表态#肯定	我坚信我的想法是对的
2203	表态#肯定	我坚信我的想法是正确的
2204	表态#肯定	我坚信我的想法，那是一定正确的
2205	表态#肯定	我坚信我的想法，那是十分正确的
2206	表态#肯定	我坚信我的想法，那是完全正确的
2207	表态#肯定	我坚信我的想法，那是绝对正确的
2208	表态#肯定	我坚信我的想法，那是肯定正确的
2209	表态#肯定	我坚信我的想法，那是非常正确的
2210	表态#肯定	我坚信我的观点是对的
2211	表态#肯定	我坚信我的观点是正确的
2212	表态#肯定	我坚信我的论点是对的
2213	表态#肯定	我坚信我的论点是正确的
2214	表态#肯定	我坚信这一定能行
2215	表态#肯定	我坚信这完全能行
2216	表态#肯定	我坚信这绝对能行
2217	表态#肯定	我坚信这肯定能行
2218	表态#肯定	我坚信这能行
2219	表态#肯定	我就是这样觉得的
2220	表态#肯定	我想这是正确的
2221	表态#肯定	我的想法一定正确
2222	表态#肯定	我相信
2223	表态#肯定	我知道了
2224	表态#肯定	我肯定我的想法是一定正确的
2225	表态#肯定	我肯定我的想法是十分正确的
2226	表态#肯定	我肯定我的想法是完全正确的
2227	表态#肯定	我肯定我的想法是对的
2228	表态#肯定	我肯定我的想法是绝对正确的
2229	表态#肯定	我肯定我的想法是肯定正确的
2230	表态#肯定	我肯定我的想法是非常正确的
2231	表态#肯定	我肯定我的观点是对的
2232	表态#肯定	我肯定我的论点是对的
2233	表态#肯定	我肯定这是对的
2234	表态#肯定	我认为完全正确
2235	表态#肯定	我认为我一定对
2236	表态#肯定	我认为我一定正确
2237	表态#肯定	我认为我是对的
2238	表态#肯定	我认为我是正确的
2239	表态#肯定	我认为我的想法一定正确
2240	表态#肯定	我认为我的想法十分正确
2241	表态#肯定	我认为我的想法完全正确
2242	表态#肯定	我认为我的想法是正确的
2243	表态#肯定	我认为我的想法绝对正确
2244	表态#肯定	我认为我的想法肯定正确
2245	表态#肯定	我认为我的想法非常正确
2246	表态#肯定	我认为是对的
2247	表态#肯定	我认为肯定是这样
2248	表态#肯定	我认为肯定能行
2249	表态#肯定	我认为这是正确的
2250	表态#肯定	我认同你
2251	表态#肯定	是啊，我也这么认为
2252	表态#肯定	是啊，是啊
2253	表态#肯定	是的啊
2254	表态#肯定	是的，这是一定正确的
2255	表态#肯定	是的，这是十分正确的
2256	表态#肯定	是的，这是完全正确的
2257	表态#肯定	是的，这是绝对正确的
2258	表态#肯定	是的，这是肯定正确的
2259	表态#肯定	是的，这是非常正确的
2260	表态#肯定	是的，这样是正确的
2261	表态#肯定	正确
2262	表态#肯定	没错
2263	表态#肯定	没错，这是一定正确的
2264	表态#肯定	没错，这是十分正确的
2265	表态#肯定	没错，这是完全正确的
2266	表态#肯定	没错，这是对的
2267	表态#肯定	没错，这是绝对正确的
2268	表态#肯定	没错，这是肯定正确的
2269	表态#肯定	没错，这是非常正确的
2270	表态#肯定	肯定是啦
2271	表态#肯定	还可以喔
2272	表态#肯定	还好
2273	表态#肯定	这一定是完全正确的
2274	表态#肯定	这一定能行
2275	表态#肯定	这不存在问题，这是一定正确的
2276	表态#肯定	这不存在问题，这是十分正确的
2277	表态#肯定	这不存在问题，这是完全正确的
2278	表态#肯定	这不存在问题，这是绝对正确的
2279	表态#肯定	这不存在问题，这是肯定正确的
2280	表态#肯定	这不存在问题，这是非常正确的
2281	表态#肯定	这完全没有异义
2282	表态#肯定	这完全能行
2283	表态#肯定	这当然是对的啊
2284	表态#肯定	这当然是正确的啊
2285	表态#肯定	这手机挺好看的
2286	表态#肯定	这手机挺漂亮的
2287	表态#肯定	这是绝对正确的
2288	表态#肯定	这显然是对的啊
2289	表态#肯定	这显然是正确的啊
2290	表态#肯定	这样挺好的
2291	表态#肯定	这样是正确的
2292	表态#肯定	这肯定能行
2293	表态#肯定	这能行
2294	表态#肯定	﻿这一定是对的
2295	表态#肯定	我也觉得也是
2296	表态#致谢	嗯嗯 谢谢你
2297	表态#致谢	好哒谢谢
2298	表态#致谢	没了，谢谢你
2299	表态#致谢	一定一定，谢谢
2300	表态#致谢	不用了，谢谢
2301	表态#致谢	哈哈谢谢
2302	表态#致谢	嗯嗯，谢谢你哦
2303	表态#致谢	好吧，谢谢
2304	表态#致谢	好的谢谢
2305	表态#致谢	好的，谢谢
2306	表态#致谢	希望你变得更好，工作人员们也辛苦了
2307	表态#致谢	恩恩，谢谢
2308	表态#致谢	恩谢啦
2309	表态#致谢	没有了~~~谢谢呐···
2310	表态#致谢	没有了谢谢
2311	表态#致谢	没有了，谢谢
2312	表态#致谢	谢了
2313	表态#致谢	谢啦
2315	表态#致谢	谢谢你
2316	表态#致谢	谢谢你哦···
2317	表态#致谢	谢谢你，晚安
2318	表态#致谢	谢谢啦
2319	表态#致谢	谢谢，再见
2320	表态#致谢	辛苦了
2321	表态#致谢	谢谢你哦
2322	表态#致谢	谢谢你抽空和我谈话
2323	表态#致谢	谢谢您的服务
2324	表态#致谢	谢谢，打扰你了
2325	表态#致谢	过得真愉快，谢谢您，再见
2326	表态#致谢	嗨，幸会
2327	表态#致谢	拜托你了
2328	表态#致谢	请多关照
2329	表态#致谢	麻烦你了
2330	表态#致谢	麻烦您了
2331	表态#道歉	不好意思
2332	表态#道歉	我错了
2333	表态#道歉	请多保重
2334	表态#道歉	不好意思，打扰一下
2335	表态#道歉	打扰一下
2336	表态#道歉	打扰了
2337	表态#道歉	请原谅给你添麻烦了
2338	表态#附和	呵呵
2340	表态#附和	哈哈
2341	表态#附和	哈哈哈
2342	表态#附和	哈？
2343	表态#附和	哎
2344	表态#附和	哦
2345	表态#附和	哦·
2346	表态#附和	哦哦
2347	表态#附和	啊
2348	表态#附和	喔
2349	表态#附和	好
2350	表态#附和	这样
2351	表态#附和	这样啊
2353	表态#附和	额·
2355	表态#附和	哈哈哈哈
2356	表态#附和	哈哈，你太帅了吧
2357	表态#附和	哈哈，好好笑啊
2358	表态#附和	哈哈，我是在逗你玩的
2359	表态#附和	哦，原来如此
2360	表态#附和	是这样的吧
2361	表态#附和	喵
2362	表态#附和	汪
2363	表态#随便	也没要求
2364	表态#随便	无所谓
2365	表态#随便	无所谓捏
2366	表态#随便	没有要求
2367	表态#随便	没要求
2368	表态#随便	没要求哦
2369	表态#随便	没要求啊
2370	表态#随便	真心没要求
2371	表态#随便	这个无所谓
2372	表态#随便	这个没关系
2373	表态#随便	这个没有要求
2374	表态#随便	这个没要求
2375	表态#随便	都行
2376	表态#随便	都行吧
2377	表态#随便	随便
2378	表态#随便	你说是就是咯
2379	表态#随便	没有什么要求
2380	表态#随便	都可以
2381	表态#随便	随便啦
2382	闲聊#天气	今天好冷啊
2383	闲聊#天气	下雨了今天
2384	闲聊#天气	下雨了好烦
2385	闲聊#天气	下雨吗
2386	闲聊#天气	下雨咋办
2387	闲聊#天气	今天天气好冷
2388	闲聊#天气	今天天气好吗
2389	闲聊#天气	今天天气真好
2390	闲聊#天气	今天好
2391	闲聊#天气	哈哈哈，今天阳光灿烂
2392	闲聊#天气	天气
2393	闲聊#天气	天气好不好今天
2394	闲聊#天气	天气好吗
2395	闲聊#天气	天气好吗今天
2396	闲聊#天气	天气？
2397	闲聊#天气	好冷
2398	闲聊#天气	好热
2399	闲聊#天气	手机的天气预报要比较准确
2400	闲聊#天气	突然感觉好冷啊
2401	闲聊#天气	那明天会下雨吗
2402	闲聊#天气	我不喜欢在这种恶劣的天气下旅行
2403	闲聊#天气	4号那天好像会刮台风
2404	闲聊#天气	一场台风把这里的雾霾刮走了
2405	闲聊#天气	一看到浓密的乌云就知道一场暴雨快来了
2406	闲聊#天气	下个月冬天来了就开始下雪了
2407	闲聊#天气	下个月天气就开始变得干燥起来了
2408	闲聊#天气	下雨了啊
2409	闲聊#天气	不过这里的雾霾天气越来越严重了
2410	闲聊#天气	中到大雪、
2411	闲聊#天气	今天下了一天的雨了
2412	闲聊#天气	今天又是阴天
2413	闲聊#天气	今天天气不错嘛
2414	闲聊#天气	今天天气好不好
2415	闲聊#天气	今天天气怎么样
2416	闲聊#天气	今天天气真的很好
2417	闲聊#天气	今天很晒啊
2418	闲聊#天气	今天早上刮了好大的雾
2419	闲聊#天气	今天早上居然下雪了
2420	闲聊#天气	今天的天气一般
2421	闲聊#天气	今天的天气好闷热
2422	闲聊#天气	今天的太阳挺烈的
2423	闲聊#天气	今年和往年一样又刮起了严重的雾霾
2424	闲聊#天气	冷空气给这个地方带来了一场大雨
2425	闲聊#天气	冷空气还有两天到达
2426	闲聊#天气	别忘了带伞
2427	闲聊#天气	去年的国庆节下好大的雪
2428	闲聊#天气	听说冷空气南下了
2429	闲聊#天气	听说台风快到这边了
2430	闲聊#天气	听说明天会下雨
2431	闲聊#天气	夏天，雷雨到来之前，在天空先会看到积云
2432	闲聊#天气	多云、
2433	闲聊#天气	大到暴雪
2434	闲聊#天气	大暴雨到特大暴雨、
2435	闲聊#天气	天气不错，适宜晾晒衣物
2436	闲聊#天气	天气怎么样
2437	闲聊#天气	天气慢慢变冷了
2438	闲聊#天气	天气渐渐回暖了
2439	闲聊#天气	天气温度持续高涨
2440	闲聊#天气	天气炎热
2441	闲聊#天气	天气预报
2442	闲聊#天气	天气预报说今天是晴天然而并不是
2443	闲聊#天气	天气预报说后天气温会降到零度以下
2444	闲聊#天气	天气预报说接下来的一个星期里天气怎么样？
2445	闲聊#天气	寒冷的天气让人不想出门
2446	闲聊#天气	小到中雪、
2447	闲聊#天气	小雨、中雨、大雨、暴雨、大暴雨、特大暴雨
2448	闲聊#天气	强降雨逐渐南压
2449	闲聊#天气	往年三月份这里都会有回南天
2450	闲聊#天气	微风
2451	闲聊#天气	快下雨了
2452	闲聊#天气	我很喜欢这种凉飕飕的天气
2453	闲聊#天气	持续暴雨
2454	闲聊#天气	持续的雷暴雨让人觉得很不舒服
2455	闲聊#天气	接下来的几个星期里平均空气湿度将会达到全年最高
2456	闲聊#天气	早上一起来路上全都是雪
2457	闲聊#天气	明天又将是晴空万里的一天
2458	闲聊#天气	明天天气好不好
2459	闲聊#天气	明天天气好像很好
2460	闲聊#天气	明天天气如何
2461	闲聊#天气	明天天气怎么样
2462	闲聊#天气	明天开始就降温了
2463	闲聊#天气	昨天下了一场滂沱大雨
2464	闲聊#天气	昨天下了好大的暴雨
2465	闲聊#天气	昨天就下了一会儿的雨
2466	闲聊#天气	昨天晚上下了好大的雪
2467	闲聊#天气	昨晚好像下大暴雨
2468	闲聊#天气	晴、
2469	闲聊#天气	暴雨到大暴雨、
2470	闲聊#天气	最近天气有点反复无常
2471	闲聊#天气	最近的天气好潮湿
2472	闲聊#天气	最近的天气挺好的
2473	闲聊#天气	最近这几天的天气真是坏得不行
2474	闲聊#天气	最近这几天都是阴天
2475	闲聊#天气	最近都是一会儿晴一会儿阴
2476	闲聊#天气	最近风有点大
2477	闲聊#天气	未来三天，长江中下游地区将有中到大雨
2478	闲聊#天气	每年的清明节我家乡都会下绵绵细雨
2479	闲聊#天气	气象台发布了暴雨预警
2480	闲聊#天气	浮尘、扬沙、沙尘暴、强沙尘暴、特强沙尘暴
2481	闲聊#天气	由于雾霾我们周末只能待在家里
2482	闲聊#天气	秋高日爽的天气让人心旷神怡
2483	闲聊#天气	空气质量令人满意，基本无空气污染
2484	闲聊#天气	老子热死了
2485	闲聊#天气	轻雾，浓雾，强浓雾，轻微霾，轻度霾，中度霾，重度霾，特强霾，霰，飑线
2486	闲聊#天气	这个台风还有2个小时就到达
2487	闲聊#天气	这个周末台风就到了
2488	闲聊#天气	这个地方一年里有一半的时间都在下雨
2489	闲聊#天气	这个地方好多年没有下过雪了
2490	闲聊#天气	这个月刮了3次台风
2491	闲聊#天气	这么大的雾很影响人们的出行
2492	闲聊#天气	这么浓的雾我还是第一次见
2493	闲聊#天气	这几天天气真的好冷
2494	闲聊#天气	这几天好热
2495	闲聊#天气	这几天气温好高啊
2496	闲聊#天气	这几天温度居然高达40度
2497	闲聊#天气	这几天都是阴天
2498	闲聊#天气	这场雨持续了整整一个星期
2499	闲聊#天气	这场雪下了整整一天
2500	闲聊#天气	这样的雾霾天气让人们觉得非常难受
2501	闲聊#天气	这种回南天真让人受不了
2502	闲聊#天气	这种天气很舒服
2503	闲聊#天气	这种天气最适合人们出游
2504	闲聊#天气	这里好久没有下过雨了
2505	闲聊#天气	这里的全年平均气温居世界第一高
2506	闲聊#天气	阴
2507	闲聊#天气	阴天
2508	闲聊#天气	阵雨
2509	闲聊#天气	阵雪、小雪、中雪、大雪、暴雪、
2510	闲聊#天气	雨势明显增强
2511	闲聊#天气	雨夹雪、
2512	闲聊#天气	雷阵雨、
2513	闲聊#天气	雷阵雨伴有冰雹、
2514	闲聊#天气	雷阵雨转多云
2515	闲聊#天气	雾、冻雨、沙尘暴、小到中雨、中到大雨、大到暴雨
2516	闲聊#天气	面对火辣辣的太阳，你真的懂如何防晒吗
2517	闲聊#天气	﻿天气好吗
2518	闲聊#时间	今天
2519	闲聊#时间	今天什么日期
2520	闲聊#时间	几点
2521	闲聊#时间	几点现在
2522	闲聊#时间	告诉我几点
2523	闲聊#时间	告诉我时间
2524	闲聊#时间	好吧现在几点了
2525	闲聊#时间	我没带手表只想问下时间而已
2526	闲聊#时间	日期
2527	闲聊#时间	日期呢
2528	闲聊#时间	时间
2529	闲聊#时间	现在几点
2530	闲聊#时间	现在几点了
2531	闲聊#时间	19点30分
2532	闲聊#时间	1个小时有60分钟
2533	闲聊#时间	1分钟有60秒
2534	闲聊#时间	2000年不是闰年
2535	闲聊#时间	23点59分59秒
2536	闲聊#时间	24个小时
2537	闲聊#时间	3点钟
2538	闲聊#时间	一分钟有多少秒
2539	闲聊#时间	一天
2540	闲聊#时间	一天有多长
2541	闲聊#时间	下午两点半
2542	闲聊#时间	不知道现在几点
2543	闲聊#时间	两个小时后过来
2544	闲聊#时间	两分钟
2545	闲聊#时间	中午什么时候
2546	闲聊#时间	中午就可以
2547	闲聊#时间	什么时候
2548	闲聊#时间	今天多少号
2549	闲聊#时间	今天多少号来着
2550	闲聊#时间	今天星期几来着
2551	闲聊#时间	今天是星期二吗
2552	闲聊#时间	今天是星期几
2553	闲聊#时间	今天离5月1日还有多少天
2554	闲聊#时间	今天离下周末还有多少天
2555	闲聊#时间	今天离放暑假还有多少天
2556	闲聊#时间	今年是闰年
2557	闲聊#时间	今年的2月没有第29天
2558	闲聊#时间	今年的国庆节是周末吗
2559	闲聊#时间	今年的清明节是几号
2560	闲聊#时间	你什么时候才可以
2561	闲聊#时间	你懂得什么叫时间吗
2562	闲聊#时间	你知不知道什么叫时间
2563	闲聊#时间	你知不知道现在几点了
2564	闲聊#时间	你知道一个小时有多少分钟吗
2565	闲聊#时间	你知道一个小时有多少秒吗
2566	闲聊#时间	你知道现在是什么时候吗
2567	闲聊#时间	你知道现在是几点吗
2568	闲聊#时间	凌晨几点
2569	闲聊#时间	去年的重阳节是多少号
2570	闲聊#时间	后天才是1号
2571	闲聊#时间	周末就快来了
2572	闲聊#时间	多少分钟
2573	闲聊#时间	大概什么时候
2574	闲聊#时间	大概几点
2575	闲聊#时间	大概多少秒
2576	闲聊#时间	大概还有几天
2577	闲聊#时间	大概还有半分钟
2578	闲聊#时间	我想问一下现在的准确时间是多少
2579	闲聊#时间	早上7点
2580	闲聊#时间	明天几点
2581	闲聊#时间	明天是几号
2582	闲聊#时间	明天是多少号
2583	闲聊#时间	明天是星期六了吗
2584	闲聊#时间	明天是星期几
2585	闲聊#时间	明天是星期天
2586	闲聊#时间	明年不是平年
2587	闲聊#时间	明年的五一劳动节是不是在星期三那天
2588	闲聊#时间	晚上九点半
2589	闲聊#时间	晚上吗
2590	闲聊#时间	现在时间是多少
2591	闲聊#时间	现在是什么时候
2592	闲聊#时间	现在是什么时间
2593	闲聊#时间	请问现在几点了
2594	闲聊#时间	距离周末还有两天时间
2595	闲聊#时间	过几个星期吧
2596	闲聊#时间	还剩下多少分钟
2597	闲聊#时间	还剩下多少时间
2598	闲聊#时间	还有几个小时到中午
2599	闲聊#时间	还有多少个小时
2600	闲聊#时间	还有多少个小时到中午
2601	闲聊#时间	还有多少分钟
2602	闲聊#时间	还有多少秒
2603	闲聊#时间	这个月有31号
2604	闲聊#时间	﻿现在是几点啊
2605	闲聊#身份信息	你会说中文吗
2606	闲聊#身份信息	你只会说英文
2607	闲聊#身份信息	你只是个机器人，帮不了我
2608	闲聊#身份信息	你叫什么
2609	闲聊#身份信息	你叫什么名字
2610	闲聊#身份信息	你好请问你能干什么
2611	闲聊#身份信息	你好，你可以干什么
2612	闲聊#身份信息	你提供什么服务
2613	闲聊#身份信息	你是不是理综胜
2614	闲聊#身份信息	你是机器人吗
2615	闲聊#身份信息	你是谁
2616	闲聊#身份信息	你有女朋友吗
2617	闲聊#身份信息	你的名字是什么
2618	闲聊#身份信息	你的开发者是谁
2619	闲聊#身份信息	你能帮我些什么
2620	闲聊#身份信息	你能帮我吗
2621	闲聊#身份信息	你能帮我啥
2622	闲聊#身份信息	你能干嘛
2623	闲聊#身份信息	你能提供什么
2624	闲聊#身份信息	你能提供什么服务
2625	闲聊#身份信息	你能提供什么服务？
2626	闲聊#身份信息	听说你最近技能提高了
2627	闲聊#身份信息	机器人
2628	闲聊#身份信息	能看得懂英语吗？
2629	闲聊#身份信息	谁开发了你
2630	闲聊#身份信息	谁是店家
2631	闲聊#身份信息	今天充电了么机器人
2632	闲聊#身份信息	你会不会生锈
2633	闲聊#身份信息	你会不会讲故事啊
2634	闲聊#身份信息	你会帮我做作业吗
2635	闲聊#身份信息	你会背诗吗
2636	闲聊#身份信息	今年你多少岁了
2637	闲聊#身份信息	你二十四小时在线吗
2638	闲聊#身份信息	你会做算术吗
2639	闲聊#身份信息	你会唱歌跳舞吗
2640	闲聊#身份信息	你会干什么
2641	闲聊#身份信息	你会攻击人类吗
2642	闲聊#身份信息	你会独立思考吗
2643	闲聊#身份信息	你会讲故事吗
2644	闲聊#身份信息	你会说什么话
2645	闲聊#身份信息	你几岁啦
2646	闲聊#身份信息	你单身吗
2647	闲聊#身份信息	你叫什么名字呀
2648	闲聊#身份信息	你可以像人一样走路吗
2649	闲聊#身份信息	你可以帮人类做家务吗
2650	闲聊#身份信息	你可以帮我倒杯水吗
2651	闲聊#身份信息	你妈妈是谁
2652	闲聊#身份信息	你姓什么
2653	闲聊#身份信息	你姓什么哦
2654	闲聊#身份信息	你姓什么啊
2655	闲聊#身份信息	你姓什么的
2656	闲聊#身份信息	你家庭成员有几个啊
2657	闲聊#身份信息	你属于哪个国籍的
2658	闲聊#身份信息	你是不是机器人
2659	闲聊#身份信息	你是中国人吗
2660	闲聊#身份信息	你是人类还是机器人
2661	闲聊#身份信息	你是什么时候出生的
2662	闲聊#身份信息	你是从哪里来的
2663	闲聊#身份信息	你是动漫迷吗
2664	闲聊#身份信息	你是叫机器人吗
2665	闲聊#身份信息	你是哪个公司开发的
2666	闲聊#身份信息	你是哪个国家的人
2667	闲聊#身份信息	你是土豪吗
2668	闲聊#身份信息	你是女的
2669	闲聊#身份信息	你是女的吗
2670	闲聊#身份信息	你是女的吧
2671	闲聊#身份信息	你是好人还是坏人
2672	闲聊#身份信息	你是宅男吗
2673	闲聊#身份信息	你是机器人吧
2674	闲聊#身份信息	你是男生吗
2675	闲聊#身份信息	你是男的
2676	闲聊#身份信息	你是男的吗
2677	闲聊#身份信息	你是男的吧
2678	闲聊#身份信息	你是男的还是女的
2679	闲聊#身份信息	你是程序员吗
2680	闲聊#身份信息	你是绅士吗
2681	闲聊#身份信息	你有什么爱好
2682	闲聊#身份信息	你有什么目标
2683	闲聊#身份信息	你有没有兄弟姐妹
2684	闲聊#身份信息	你有没有生命啊
2685	闲聊#身份信息	你有没有职业
2686	闲聊#身份信息	你有男朋友吗
2687	闲聊#身份信息	你有编号吗
2688	闲聊#身份信息	你有肌肉吗
2689	闲聊#身份信息	你有身份证吗
2690	闲聊#身份信息	你爸爸是谁
2691	闲聊#身份信息	你现在几岁啦
2692	闲聊#身份信息	你的三围是多少
2693	闲聊#身份信息	你的体重是多少啊
2694	闲聊#身份信息	你的出生地在哪
2695	闲聊#身份信息	你的创造者是谁
2696	闲聊#身份信息	你的力气有多大啊
2697	闲聊#身份信息	你的年龄是多少
2698	闲聊#身份信息	你的性别是什么
2699	闲聊#身份信息	你的手臂有什么用
2700	闲聊#身份信息	你的特长是什么
2701	闲聊#身份信息	你的理想是什么啊
2702	闲聊#身份信息	你的生日是什么时候
2703	闲聊#身份信息	你的职业是什么
2704	闲聊#身份信息	你的职业是服务人类吗
2705	闲聊#身份信息	你的联系方式是什么啊
2706	闲聊#身份信息	你的脚多大啊
2707	闲聊#身份信息	你的身高是多高啊
2708	闲聊#身份信息	你结婚了吗
2709	闲聊#身份信息	你能做些啥
2710	闲聊#身份信息	你能像我一样走路吗
2711	闲聊#身份信息	你能听懂我说的话吗
2712	闲聊#身份信息	你能服务好人类吗
2713	闲聊#身份信息	你能看得到我吗
2714	闲聊#身份信息	你能跟我交流吗
2715	闲聊#身份信息	你都有哪些功能
2716	闲聊#身份信息	你都知道些什么知识啊
2717	闲聊#身份信息	你都能做些什么
2718	闲聊#身份信息	你都能做些啥
2719	闲聊#身份信息	你需要消耗什么能源
2720	闲聊#身份信息	可以告诉我你的编号吗
2721	闲聊#身份信息	告诉我，你是不是机器人
2722	闲聊#身份信息	快告诉我，你真的是好人吗
2723	闲聊#身份信息	快说，你现在几岁了
2724	闲聊#身份信息	怎么联系你啊
2725	闲聊#身份信息	我觉得你是机器人
2726	闲聊#身份信息	我说什么，你就能做什么吗
2727	闲聊#身份信息	男的吗
2728	闲聊#身份信息	请问您贵姓
2729	闲聊#身份信息	难道你不是机器人
2730	闲聊#身份信息	﻿你是谁
2731	闲聊#身份信息	聊天可以吗
2732	闲聊#问候	Hello
2733	闲聊#问候	下午好
2734	闲聊#问候	你好
2735	闲聊#问候	你好~~~~~~~~~~~
2736	闲聊#问候	你好吗
2737	闲聊#问候	你好呀
2738	闲聊#问候	你好啊
2739	闲聊#问候	你好！
2740	闲聊#问候	你好，i
2741	闲聊#问候	初次上来，多多关照
2742	闲聊#问候	哈喽
2743	闲聊#问候	嗨
2744	闲聊#问候	在吗
2745	闲聊#问候	很高兴认识你
2746	闲聊#问候	您好
2747	闲聊#问候	您好啊
2748	闲聊#问候	您好，欢迎光临！
2749	闲聊#问候	感觉你好
2750	闲聊#问候	我来光临
2751	闲聊#问候	我说你好啊
2752	闲聊#问候	早上好
2753	闲聊#问候	早啊
2754	闲聊#问候	晚上好
2755	闲聊#问候	晚上好啊
2756	闲聊#问候	早上好、下午好、晚上好、您好、请多多指教、请多关照
2757	闲聊#问候	欢迎你光临指导
2758	闲聊#问候	ch2r你好
2759	闲聊#问候	一起都好吗
2760	闲聊#问候	中午好
2761	闲聊#问候	亲，开心点哦
2762	闲聊#问候	亲，祝你好运
2763	闲聊#问候	你吃饭了吗
2764	闲聊#问候	你吃饭没有
2765	闲聊#问候	你好，在吗
2766	闲聊#问候	你好，很高兴能认识你
2767	闲聊#问候	叔叔，你好，
2768	闲聊#问候	吃过饭了没有
2769	闲聊#问候	吃饭了吗
2770	闲聊#问候	吃饭了没有
2771	闲聊#问候	哈罗
2772	闲聊#问候	嗨，哈罗
2773	闲聊#问候	嗨，近来好吗
2774	闲聊#问候	工作忙不忙呀
2775	闲聊#问候	店家在吗
2776	闲聊#问候	很高兴见到你
2777	闲聊#问候	握个手吧
2778	闲聊#问候	握手
2779	闲聊#问候	早上（下午、晚上）好，先生
2780	闲聊#问候	早上（下午、晚上）好，夫人
2781	闲聊#问候	最近好吗
2782	闲聊#问候	最近忙不忙
2783	闲聊#问候	最近怎么样
2784	闲聊#问候	最近身体好吗
2785	闲聊#问候	机器人你好
2786	闲聊#问候	祝你今天快乐
2787	闲聊#问候	祝你幸福快乐
2788	闲聊#问候	祝您节日愉快
2789	闲聊#问候	节日快乐
2790	闲聊#问候	过得如何呀
2791	闲聊#问候	近况如何
2792	闲聊#问候	近来好吗
2793	闲聊#问候	阿姨，你好
2794	闲聊#问候	﻿你好机器人
