LABEL	SENTENCE
ID	233333333
ID	3G网络
ID	5寸主屏
ID	800万像素能不能拍出清晰的照片？能满足我的购买需求吗
ID	9999999999999999999999999999999999999999999999999999999999999999999999999999999999999999999
ID	CPU型号
ID	CPU好一点的
ID	CPU核数
ID	CPU频率
ID	GPS导航
ID	GPU型号
ID	HANMAC好吗
ID	Modem功能
ID	RAM容量
ID	ROM容量
ID	SIM卡类型
ID	WIFI热点
ID	WLAN
ID	一加
ID	一加手机
ID	一把就行
ID	一样
ID	三普手机
ID	三盟
ID	三盟手机
ID	上市日期
ID	不支持美颜的二妈
ID	不知道有什么品牌，高端一点的吧
ID	主屏
ID	主屏分辨率
ID	主屏尺寸
ID	主屏材质
ID	主屏色彩
ID	主流
ID	乐目
ID	乐目呗
ID	乐目好吗
ID	乐目的吧
ID	乐视
ID	乐视的
ID	买这部手机有没有优惠
ID	产品特性
ID	人气
ID	什么品牌的手机比较好
ID	什么颜色比较好
ID	价格
ID	价格多少
ID	价钱多少
ID	优思
ID	优惠
ID	传感器类型
ID	你们卖不卖二手手机
ID	你好，想开个拍照比较牛的手机
ID	你好，我想给家里老人买一台手机。有什么推荐？
ID	你的手机是什么牌子的
ID	你觉得哪个品牌好
ID	你这里不会卖山寨手机吧
ID	你这里最好的手机是那一部
ID	使用对象
ID	保修政策
ID	保修详细内容
ID	像素
ID	像素啊
ID	像素好点的
ID	前置摄像头
ID	前置摄像头像素
ID	前置摄像头好就行
ID	前置摄像头要好
ID	努比亚
ID	卖得好吗
ID	变焦倍率
ID	变焦模式
ID	可不可以介绍下苹果5s？
ID	可以给我打个折吗
ID	同心手机
ID	名字不好听
ID	后置摄像头
ID	后置摄像头像素
ID	听说这手机的参数不怎么样
ID	听说这手机的参数很不怎么样
ID	听说这手机的参数很高
ID	品牌
ID	哪个性能好
ID	哪个操作系统好
ID	哪个颜色好
ID	哪些手机是最近比较好卖？
ID	哪款性能好
ID	哪款颜色好
ID	哪种性价比比较高
ID	哪种类性价比会比较高
ID	啥时候的手机啊
ID	四五千吧
ID	国产手机
ID	国产手机太烂了
ID	国产的
ID	国产的有什么好推荐呢？
ID	型号
ID	基本功能
ID	外观设计
ID	大部分人对手机评价如何
ID	好像这部手机性能很高
ID	好吧 这台手机像素如何
ID	好吧，什么手机比较实惠呢？
ID	好吧，这么少
ID	好用吗
ID	好的我要LA3
ID	好的那么我要黑色的
ID	好的，像素多少
ID	好，就要黑色的
ID	存储卡类型
ID	它打电话算不算清晰吧
ID	它的屏幕色彩数据能不能满足我的需求
ID	对焦方式
ID	小米
ID	就是前置摄像头好的
ID	屏幕不错
ID	屏幕分辨率要高
ID	屏幕大小
ID	屏幕大的
ID	屏幕的分辨率高吗？
ID	平均月销量
ID	当前最流行的是哪个品牌
ID	待机三天对我是不是足够
ID	待机时间。。
ID	性价比高吗
ID	性能不错
ID	性能好点的
ID	感应器类型
ID	感觉这手机屏幕有点小
ID	感觉这手机用起来不是很流畅啊
ID	我不清楚我喜不喜欢这部手机的音质
ID	我不清楚我的手机卡能不能装在这部手机里
ID	我不清楚我需不需要蓝牙功能
ID	我不清楚手机保修方不方便
ID	我不知道够不够钱
ID	我不知道它的网速是否能满足我的需求
ID	我不知道我的钱够不够买这部手机
ID	我不知道这部手机的操作系统是否适合我
ID	我买这手机会不会显得高大上
ID	我喜欢像素比较高的
ID	我喜欢内存比较大的手机
ID	我喜欢分辨率比较高的
ID	我喜欢屏幕大一点的
ID	我喜欢玩游戏
ID	我喜欢用起来很流畅的手机
ID	我喜欢自拍
ID	我喜欢自拍，有什么手机吗
ID	我妈眼睛不是很好
ID	我应该用不上那么多功能
ID	我想买一台摄像头好点的
ID	我想买一部自拍比较好的手机
ID	我想买好一点的手机
ID	我想买性能好点的
ID	我想买性能好的手机
ID	我想买来玩游戏
ID	我想买艾酷手机
ID	我想看一下这部三星的手机
ID	我想看一下这部中兴的手机
ID	我想看一下这部华为的手机
ID	我想看一下这部小米的手机
ID	我想看一下这部诺基亚的手机
ID	我想看一下那部双核的手机
ID	我想要一台前置摄像头好的手机
ID	我想要一台好看的手机
ID	我想要一款好看的手机
ID	我想要一部屏幕大的手机
ID	我想要一部屏幕比较大的手机
ID	我想要一部屏幕适中的型号
ID	我想要一部性价比比较高的手机
ID	我想要拍照
ID	我想要拍照好看的
ID	我想要摄像头比较好的手机
ID	我想要摄像头高的
ID	我想要部性价比高的
ID	我能不能用完手机上的全部功能呢
ID	我要800像素
ID	我要一个废旧的特别高的手机
ID	我要一台便宜的手机
ID	我要一台白色后盖的
ID	我要伤心
ID	我要伤心我要伤心
ID	我要内存大的手机
ID	我要好点的
ID	我要好的
ID	我要好的手机
ID	我要屏幕比较大
ID	我要灰色的
ID	我要的是拉风类型的
ID	我要贵的手机
ID	我觉得这手机性价比没有那部高
ID	我觉得这款屏幕不大
ID	我觉得这款手机有点贵
ID	我问的是回头率
ID	手机上的原装应用会不会多
ID	手机上的应用好像不能删除
ID	手机发热厉害吗
ID	手机屏幕容易碎吗
ID	手机拍照好看吗
ID	手机收到的差评多吗
ID	手机有什么颜色
ID	手机有多重
ID	手机的好评多吗
ID	手机的好评率多少
ID	手机的屏幕有多大
ID	手机的电池一般可以用几天
ID	手机的电池如何
ID	手机的系统好用吗
ID	手机的音质如何
ID	手机的预装软件可以卸载吗
ID	手机类型
ID	手机质量
ID	手机质量比较好
ID	手机运行速度如何
ID	手机部件
ID	手机重量
ID	手机附件
ID	拍摄模式
ID	拍照
ID	拍照功能
ID	拍照比较好的手机
ID	拍照清晰的
ID	推荐一台好用的手机给我
ID	推荐一台好的手机给我
ID	推荐一款好用的手机吧
ID	推荐一款性价比高的手机给我吧
ID	摄像头好一点的
ID	摄像头好的
ID	摄像头有更好的么
ID	摄像头比较好的手机有哪一些牌子
ID	操作系统
ID	支持国产，谢谢
ID	支持自拍的
ID	收音机
ID	数据功能
ID	数据接口
ID	数据线类型
ID	旗舰级
ID	是不是什么牌子的手机都有
ID	是说尺寸了大哥
ID	最大扩展容量
ID	最大拍照尺寸
ID	最好的品牌
ID	最新的就好
ID	最近哪款手机比较流行？
ID	最近哪款比较流行？
ID	最近比较流行的手机有哪些
ID	有什么品牌的手机
ID	有便宜的手机推荐吗
ID	有和这台手机相似的手机推荐吗
ID	有哪些1000块的手机适合我
ID	有多高的
ID	有安卓的手机吗
ID	有屏幕大一点的手机吗
ID	有支持美颜的手机吗
ID	有没有主流的手机
ID	有没有价格适中的手机型号
ID	有没有像素高的
ID	有没有双卡双待的手机
ID	有没有好一点的手机
ID	有没有特别炫目的手机
ID	有没有适合学生用的手机
ID	有没有适合老人用的手机
ID	有没有黑色屏幕的手机
ID	有美颜的手机吗
ID	有贵一点的手机吗
ID	来一款前置摄像头好的手机
ID	来一部配置好的手机
ID	格力
ID	欧奇
ID	比亚迪
ID	比酷
ID	比酷怎样
ID	比酷有什么手机
ID	没有屏幕再大一点的吗
ID	洪敏
ID	混合色吗
ID	爱立信
ID	爱立信手机
ID	爱贝多
ID	玩游戏好的
ID	理论待机时间
ID	理论通话时间
ID	用户好评多的手机
ID	用户界面
ID	电池容量
ID	电池类型
ID	白色的好看还是黑色的好看
ID	看起来这手机没有那一部好看
ID	真的没得打折了吗
ID	给你这里最贵的手机我看看
ID	给出基本参数看看
ID	给出手机各个参数
ID	给我介绍一下这手机的性能
ID	给我停一下
ID	给我看一下这手机的屏幕怎么样
ID	续航时间
ID	网络制式
ID	网络频率
ID	网速可以不可以呢
ID	美丽
ID	美颜手机
ID	老年人用的手机
ID	老年机
ID	耳机插孔类型
ID	聆韵4的配置好吗
ID	能挡子弹的手机
ID	能支持美颜的手机
ID	能流畅玩游戏的那种
ID	自拍
ID	艾文图巴亚峰
ID	艾酷
ID	荣耀
ID	荣耀手机
ID	蓝牙传输
ID	裸机是什么样子的
ID	要不要买一部绿色的手机呢
ID	要哪个款式好呢
ID	要手机分辨率高的
ID	要特别吸引眼球的
ID	要特别吸引眼球的手机
ID	视频格式
ID	视频通话
ID	触屏手机有什么好推荐的
ID	触摸屏类型
ID	詹姆士吧
ID	该要哪个尺寸呢
ID	说好的价位呢
ID	贝多芬
ID	贝多芬手机
ID	货源
ID	质保时间
ID	贵一点好还是便宜一点好
ID	赠品
ID	超大字体
ID	输入方式
ID	这个品牌印象不好，不要
ID	这个手机的电池容量够不够我用呢
ID	这么高配置的手机会浪费吗
ID	这台手机会太贵吗
ID	这台手机有多少种颜色可选
ID	这手机上的应用能不能删除
ID	这手机价钱多少
ID	这手机保修多久
ID	这手机像素高吗
ID	这手机内存有多大
ID	这手机分辨率多少
ID	这手机发热厉害吗
ID	这手机多人买吗
ID	这手机多人要吗
ID	这手机好在哪里？
ID	这手机好用吗
ID	这手机屏幕如何
ID	这手机屏幕有多大
ID	这手机是什么年份出产的
ID	这手机是双核的吗
ID	这手机是多少核的
ID	这手机是安卓的吗
ID	这手机是当下流行的吗
ID	这手机有什么不足
ID	这手机有什么缺点
ID	这手机有得打折吗
ID	这手机有没有其他颜色的后盖
ID	这手机热卖吗
ID	这手机热销吗
ID	这手机电池好用吗
ID	这手机的保修期是多少啊
ID	这手机的保修期有多长
ID	这手机的内存够不够我装电影
ID	这手机的前置后置摄像头像素分别是多少
ID	这手机的前置摄像头像素多少
ID	这手机的后置摄像头像素多少
ID	这手机的售后服务怎么样
ID	这手机的字体大吗
ID	这手机的待机时间有多久
ID	这手机的软件好用吗
ID	这手机的颜色有没有黑色的
ID	这手机贵不贵
ID	这手机贵吗
ID	这手机运行速度快吗
ID	这手机还可以便宜一点吗
ID	这手机销量如何
ID	这手机颜色看起来一般般啊
ID	这是音乐手机吗
ID	这样的配置算不算贵
ID	这款好吗
ID	这款性能好吗
ID	这款手机好么
ID	这款手机好用吗
ID	这款手机好看吗
ID	这款手机性价比高不高
ID	这款手机的摄像头像素是多少
ID	这款手机的摄像头怎么样
ID	这款手机的电池容量有多大
ID	这款是市面
ID	这款的型号什么
ID	这牌子有没有屏幕5英寸以上的手机
ID	这牌子的手机是不是都那么便宜
ID	这牌子的旗舰手机是哪一个型号
ID	这种配置的手机好像多人买
ID	这种颜色的手机好像多人买
ID	这种颜色的手机好看吗
ID	这软件的系统好用吗
ID	这部内存有4G那么大吗
ID	这部可不可以便宜一点
ID	这部好像屏幕比较大
ID	这部好玩还是那部好玩
ID	这部好看点还是那部好看点
ID	这部手机参数怎么样
ID	这部手机屏幕怎么样
ID	这部手机性能怎么样
ID	这部手机性能没有那部好吧
ID	这部手机打多少折
ID	这部手机是4G的吗
ID	这部手机的像素算高还是不高
ID	这部手机的功能对我有没有用呢
ID	这部手机的型号是多少
ID	这部手机的音质算好还是不好
ID	这部有没有屏幕大一点的
ID	这部有没有白色后盖的
ID	这部有没有黑色后盖的
ID	这里有什么品牌的手机卖
ID	这里有什么手机出售
ID	这里有什么款式的手机
ID	适合单手操作的就好
ID	适合玩游戏的
ID	适合自拍的
ID	那好我要LA3的
ID	都有什么好的手机
ID	配置好一点的手机
ID	配置好的
ID	配置高的好还是配置低的好
ID	酷显
ID	重力感应
ID	银色的
ID	锋达通手机
ID	键盘类型
ID	闪光灯类型
ID	音质比较好的手机有哪一些牌子
ID	音频格式
ID	颜色
ID	黑色好看吗
ID	黑色的好
其他#其他	(#‵′)凸
其他#其他	……
其他#其他	⊙▽⊙
其他#其他	、、、、
其他#其他	、、、、、
其他#其他	一个词来形容一下我
其他#其他	一加一等于多少
其他#其他	一般学生都无法回答这个问题
其他#其他	一般学生都无法解决这个问题
其他#其他	一起吃顿饭吧
其他#其他	不用再多说了，我都明白了
其他#其他	么么哒
其他#其他	今天你开心吗
其他#其他	你不是能算出来吗
其他#其他	你今天开心吗
其他#其他	你哈
其他#其他	你在做什么呢
其他#其他	你在干嘛？你在干嘛
其他#其他	你好漂亮
其他#其他	你开心吗
其他#其他	你猜
其他#其他	你现在开心吗
其他#其他	你的心情不错哦
其他#其他	你的想法很独特哦
其他#其他	你看起来很开心嘛
其他#其他	你能帮我
其他#其他	你过得好吗
其他#其他	你过的好吗
其他#其他	停一下
其他#其他	先听我说一句
其他#其他	再等一下把
其他#其他	又挂了………………
其他#其他	发过来看下
其他#其他	号码
其他#其他	哎呀呀
其他#其他	唱首歌把
其他#其他	喂喂，你开心吗
其他#其他	嗨，你过得愉快吗
其他#其他	在家
其他#其他	在线
其他#其他	在聊啊
其他#其他	年后
其他#其他	强行卖得好
其他#其他	我
其他#其他	我不知道我会不会在手机上查询购买订单
其他#其他	我不知道这部手机是否具备我希望的其他功能
其他#其他	我买这么多功能的手机会不会浪费
其他#其他	我们聊得挺投缘的嘛
其他#其他	我又来了
其他#其他	我回来了
其他#其他	我好像没提什么要求吧，哥们儿
其他#其他	我好像没有带够钱
其他#其他	我家人不知道同不同意我买手机
其他#其他	我想买眼镜
其他#其他	我想她
其他#其他	我想我想的到广告的工作呢
其他#其他	我想拉星期可以得夜情下
其他#其他	我想退货的时候到底能不能退呢
其他#其他	我插句话行不
其他#其他	我是土豪
其他#其他	我是语文乐
其他#其他	我来了
其他#其他	我没有好的
其他#其他	我没有找借口
其他#其他	我没有说谎
其他#其他	我看看先
其他#其他	我要到断电灌一站的
其他#其他	我说我很牛逼
其他#其他	换个话题把
其他#其他	收费车砖头
其他#其他	收音机
其他#其他	放入
其他#其他	散心
其他#其他	方法
其他#其他	本来就是这样嘛
其他#其他	没你不行啊
其他#其他	热水器坏了
其他#其他	现在
其他#其他	用一个词来形容我
其他#其他	睡不着
其他#其他	祝大家心想事成，万事如意
其他#其他	算了，我们换个话题
其他#其他	绯闻绯闻
其他#其他	语言
其他#其他	那要怎样说呢
其他#其他	门牙
其他#其他	：（
其他#其他	：）
其他#其他	😳
其他#捣乱	6666666
其他#捣乱	一句温馨的问候，一个轻轻的拥抱，一个浪漫的小插曲，都能给人一种清新愉悦的感受，就向一股暖流流入心底
其他#捣乱	下午几点到
其他#捣乱	下周什么时候
其他#捣乱	下雨就撑伞，流感就预防，生活没有什么过不去的坎，人就是要给点阳光就灿烂
其他#捣乱	不是你的错，很明显，是他干的
其他#捣乱	不知道明天有没有空
其他#捣乱	不要再犹豫不决了。不要总是思前顾后，否则你就给带来了根本就不存在的问题。先分析情况，然后果断地采取行动。你无法改变你不想面对的现实。取得进展就意味着承担风险
其他#捣乱	不要挑逗我
其他#捣乱	不要调戏我
其他#捣乱	不见去年人,景物却依旧,物是人非
其他#捣乱	两条路都不是通往车站
其他#捣乱	两线挂着要得堡
其他#捣乱	个
其他#捣乱	丫丫
其他#捣乱	中国大还是美国大啊
其他#捣乱	中路我下载的很好迷耍
其他#捣乱	为什么会生病
其他#捣乱	亲爱的朋友，原谅我渐渐少去的问候。有一种感情，不再浓烈，却一直存在。我们不能时时在身边，好像电话短信也少了，我们不能第一时间分享彼此的快乐与不快乐，好像变的冷漠沉默了。可是如果有一天，我们再遇见，亲爱的，那当初的一切不会变
其他#捣乱	什么时候能有女朋友
其他#捣乱	他
其他#捣乱	他们确实很般配
其他#捣乱	他们都不是我昨晚见到的那个人
其他#捣乱	他常常迈步向前，跃跃欲试，然而来到爱玛面前，这种决心很快也就烟消云散，不知去向
其他#捣乱	他确实很勤奋
其他#捣乱	他确实很帅
其他#捣乱	仙茂
其他#捣乱	仙茂老婆是不是个男人？
其他#捣乱	会让路人眼前一亮的
其他#捣乱	你
其他#捣乱	你不挽留下我吗
其他#捣乱	你不是对句中定语的否定
其他#捣乱	你们什么时候来到这里的
其他#捣乱	你喜欢那件衣服吗
其他#捣乱	你好，您点的XX菜现在已经买完了，您看还有XX菜和这道菜口味相似，您要不要来一份
其他#捣乱	你好，打扰一下，帮你加点汤
其他#捣乱	你家是什么时候装修的
其他#捣乱	你居然不知道韩红是谁
其他#捣乱	你把问题分析的很好，接下来交给我们办吧
其他#捣乱	你有没有看过这本书
其他#捣乱	你的歌声抒发了我美好的理想，我的琴音凝集了你无限的向往。愿我们合奏一首幸福曲
其他#捣乱	你看得到他吗
其他#捣乱	你看得到我吗
其他#捣乱	你知道华南农业大学在哪里吗
其他#捣乱	你知道这是什么歌吗
其他#捣乱	你能帮我抢生意吗
其他#捣乱	你能预测奥运会中国队能拿多少金牌吗
其他#捣乱	你若安好，便是晴天
其他#捣乱	你要去哪里
其他#捣乱	你要去哪里呀
其他#捣乱	你觉得她体重是多少
其他#捣乱	你觉得我帅不帅
其他#捣乱	你认不认识百度公司的创造人
其他#捣乱	你说的一点都没错，就是他干的
其他#捣乱	你说那支队伍会赢吗
其他#捣乱	你还有什么问题吗
其他#捣乱	你预测一下悟空的发挥吧
其他#捣乱	你，好坏哦！
其他#捣乱	做朋友的绝对不会忘了你！送给你最真的祝福，让你有个暖暖的圣诞节。感动了吧！虽然只有3块钱，但也是个很棒的礼物
其他#捣乱	凉风飞舞着祝福，轻轻送上真挚的问候：愿快乐伴随，清凉一夏
其他#捣乱	别动，举起手来
其他#捣乱	别站在人生的十字路口徘徊不定，犹豫不决。人生就这麽一次未知的旅行，在乎的是沿途的风景和旅行的心情。不会因为你的停留尔美丽的风景终止，走过的路已经成为你背後的风景
其他#捣乱	别跟我谈感情
其他#捣乱	别这样说嘛！嘻嘻，开玩笑的。
其他#捣乱	劝你一句，老朋友：别忘了乐极生悲这句话！但愿你一切都好
其他#捣乱	半个小时就可以
其他#捣乱	华丽的外表，往往掩盖着肮脏的灵魂，偶像派的明星，还有追星族的傻逼们
其他#捣乱	南
其他#捣乱	叔叔
其他#捣乱	可以给我么
其他#捣乱	可以载我一程吗
其他#捣乱	可能明天中午就可以
其他#捣乱	可能没那么快
其他#捣乱	可能要过几天才行
其他#捣乱	可能需要等两个星期
其他#捣乱	吃饭
其他#捣乱	各种矛盾的心情，痛苦地绞缢着她
其他#捣乱	后来呢？ 怎么样了
其他#捣乱	和肖相马晓笛的手机号
其他#捣乱	喂，你要去哪里
其他#捣乱	喂，怎么没我的份
其他#捣乱	嘿，我的呢
其他#捣乱	在他的灵魂里，两种感情，恶与答的感情，受了侮辱的自尊心与对这个受苦的女人的怜悯心，正在交战
其他#捣乱	在内心深处，总有一个身影徘徊，总有一个声音问候，无论何时想起，温暖随时都能感应
其他#捣乱	在通往未来的人生岔口，你坚定地选择了这条小路。路的那边是风和日丽，曲径通幽？还是急风残月，河边断桥？你无从知晓。于是，你开始迷惘忧虑，懊丧不已，后悔当初没有走上岔口那边的小路，那片风景中也许会是花好月圆，阳光灿烂。然而昨日的太阳已落，失去的风景已过，生命的旅途没有回返的路程。你已没有了选择，也不能过多的犹豫，你只能依靠着信念走出这泥泞的雨地。也许你会错过一段季节，也许你会迷失一段方向，错过了太阳，你还会再迷失月亮吗
其他#捣乱	夜宵怎么解决
其他#捣乱	夸我一句
其他#捣乱	女的
其他#捣乱	她收不住奔驰起来的思想，一会儿充满了幸福，幸福得心向外膨胀，一会儿充满了恐惧，感到这事是那么可怕
其他#捣乱	她确实很漂亮
其他#捣乱	好无聊啊
其他#捣乱	好的，请稍等！请用茶，请喝豆浆
其他#捣乱	姊妹两并非都在这里
其他#捣乱	定闹钟会痛，不定闹钟也会痛；闹钟响会痛，闹钟不响也会痛；被叫醒会痛，叫不醒也会痛；起床会痛，不起床也会痛
其他#捣乱	宵夜怎么解决
其他#捣乱	寒风吹，祝福到。
其他#捣乱	对不起、请原谅、不用谢、没关心、请不要放在心上
其他#捣乱	尼姑用广州话怎么读
其他#捣乱	巨大的爱和情欲正在他的内心深处激烈地搏斗，他袖着手，呆呆地望着天空
其他#捣乱	希望我的祝福能驱散你平日的辛劳
其他#捣乱	带我去学校好不好
其他#捣乱	帮我倒杯水可以吗
其他#捣乱	干炒牛河怎么做呀
其他#捣乱	应该过几天就可以
其他#捣乱	开发者
其他#捣乱	当时他一方面为裘德将要在她手里受痛苦而眼泪直落，另一方面又为自己可怜而眼泪直涌，两种眼泪，互相混合
其他#捣乱	影响我们下决心的因素，往往既不是事情过于复杂，也不是我们的判断力不够，而是对于自己即将放弃的选择心有不甘
其他#捣乱	征询语：需要我帮忙嘛？、我能为你做些什么嘛
其他#捣乱	很久很久，你欠了我的一声问候，哪怕只是短短的一两句寒暄
其他#捣乱	微笑将祝福传递，喜悦将幸福传送，问候温馨更暖心，祝福情真意更真，画个快乐大圈圈，年年岁岁保佑你
其他#捣乱	忙碌一周的你感觉累吗?要好好休息
其他#捣乱	快回到属于你的地方
其他#捣乱	您好！请问您对我们的服务有没有什么意见或建议？谢谢您
其他#捣乱	您好，帮您把外套挂一下？我把您的包放在这里了
其他#捣乱	您好，您看还有什么需要吗
其他#捣乱	您好，您看这个菜可以给您合一下盘吗
其他#捣乱	您好，想买什么手机？
其他#捣乱	您好，打扰一下，帮您加点水！
其他#捣乱	您好，打扰一下，帮您换下烟缸！您好，帮您清理下台面
其他#捣乱	您好，打扰一下，帮您罩一下衣罩
其他#捣乱	您好，这是我们点的XX菜，给您分一下，好吗
其他#捣乱	情动三江水，诚感五岳山，心愿传千里，祝福送吉祥，好运常相伴，幸福展笑颜，开心更快乐，人旺万事顺
其他#捣乱	感谢所有忙碌着关注着我的朋友，感谢生命中经历的每一次问候与祝福，愿你们每天都平安祥和幸福
其他#捣乱	感谢语：谢谢、劳驾了、让您费心了、实在过意不去、麻烦您、感谢您的帮助
其他#捣乱	愿你拥有：春天的歌欢快，夏天的心火热，秋天的意深厚，冬天的情纯真。在未来的人生旅途中，永远保持你自己
其他#捣乱	愿如梦的幻想，消融在天边的彩霞里；愿青鸟衔起我俩，飞向生活的绿洲
其他#捣乱	愿甜蜜伴你度过一天中的每一时，愿平安同你走过一时中的每一分，愿快乐陪你度过一分中的每一秒
其他#捣乱	我一会儿想往前走，一会儿想往后撤退，
其他#捣乱	我不知道晚上可不可以啊
其他#捣乱	我不确定到底要哪一本书
其他#捣乱	我为什么会生病
其他#捣乱	我们不应该乱说话
其他#捣乱	我们不应该做不对的事
其他#捣乱	我们不应该说不对的话
其他#捣乱	我们不能做不对的事
其他#捣乱	我们不能说不对的话
其他#捣乱	我们在过去十年内连一面都没有见过
其他#捣乱	我们应该经常地通通话
其他#捣乱	我们是什么关系
其他#捣乱	我失魂落魄，如痴似醉，一会儿我觉得自己还不够漂亮，不够富有，不够潇洒一忽儿，我为自己能够占有她而沾沾自喜，得意洋洋
其他#捣乱	我很快就行
其他#捣乱	我思绪纷繁，心乱如麻
其他#捣乱	我想知道我什么时候能有女朋友
其他#捣乱	我请你做到以下三点：一定要成功，一定要快乐，一定要幸福
其他#捣乱	我谈恋爱的原则，非诚勿扰
其他#捣乱	我迷路了
其他#捣乱	我钱包掉了，能借点钱给我吗
其他#捣乱	所以我才来晚了
其他#捣乱	所以我才这样做
其他#捣乱	所有的思念，抵不过一个微笑，所有的忧愁，只需要一个问候，有雨的夜，最美那是来自天使的问候
其他#捣乱	打扰一下，帮您换下骨碟
其他#捣乱	打扰你们一下，到某地的路怎么走
其他#捣乱	打断一下你们的对话
其他#捣乱	打篮球的男生特别帅，你喜欢打篮球吗
其他#捣乱	抢劫
其他#捣乱	拉长幸福的直线，让开心的笑容伴随左右，让快乐的生活陪伴身旁，让工作有活力，让事业有激情，愿你事事都如意，万事都顺心
其他#捣乱	挑逗
其他#捣乱	教我好不好
其他#捣乱	无尽的人海中，我们相聚又分离
其他#捣乱	早上好阳光为你烘烤温暖的味道，问候为你带来快乐的奇妙，清新的早晨，希望我的一条短信，给你一天简单而充实的幸福，早上好
其他#捣乱	早上好，一束阳光照在身，祝你天天都开心，财神家中去，梦想变成真，今天中大奖，明天去上任，朋友的祝福全都是真心
其他#捣乱	早上没有空
其他#捣乱	早晨，清凉的空气如牛乳般新鲜，冉起的太阳如梦想般希望。天明，亮起的不只是阳光，还要有你的好心情哦，早安
其他#捣乱	明天几点出发
其他#捣乱	明天可不可以
其他#捣乱	明天没时间
其他#捣乱	春天，有梦一般的花；春天，有花一般的梦。春天到了！愿你的梦，像美丽的花；愿你心中的花，像美丽的梦
其他#捣乱	春风向树木问好， 花儿向人们问好. 五谷向闲田问好。有谁懂，年复一年忙碌的背后，是被忽略的问候与祝福
其他#捣乱	是先杀猪呢 还是先杀驴呢
其他#捣乱	晚上吧
其他#捣乱	晚上有空吗
其他#捣乱	有些机会，因瞬间的犹豫，擦肩而过；有些缘分，因一时的任性，滑落指间；有些感情，因一时的冲动，遗憾一生；有些人，一转身就是一辈子。许多感情疏远淡漠，无力挽回，只源于一念之差
其他#捣乱	有时候，我们在爱情中犹豫不决，会彷徨失措
其他#捣乱	有时候，我们在爱情中犹豫不决，会彷徨失措，会被流言蜚语和冷言冷语中伤，继而会对原本在意的这段感情产生质疑
其他#捣乱	朋友，当永放心头，永不相忘；朋友，当共荣辱，当同患难；友谊，如流水不因石而阻，不因远而疏。朋友，祝你有个好心情哦
其他#捣乱	朋友，愿你飞过辽阔的天空，穿过无边的旷野，越过璀璨的星河，直到矗立在彩虹之巅
其他#捣乱	望下次还能为您服务
其他#捣乱	清晨的美好就如青草般芳香，如河溪般清澈，如玻璃般透明，如甘露般香甜。亲爱的朋友，早上好，愿你今天有个好心情
其他#捣乱	炎炎的烈日，足以拷问丑恶的内心，辛苦的工作，可暂忘浮浅的思春
其他#捣乱	犹豫不决是以无知为基础的
其他#捣乱	电视播放
其他#捣乱	男孩
其他#捣乱	睁开眼，缓一缓；快起床，伸懒腰；笑一笑，美好的一天又开始了。早安，祝你今天好心情，工作顺利，生活甜美
其他#捣乱	矛盾的心情像一条毒蛇，在咬啮他的脏腑
其他#捣乱	祝你天天拥有：蓬勃的激情，雄壮的豪情，执着的热情，甜美的爱情，洒脱的表情，爽朗的神情，愉快的心情
其他#捣乱	神说：幸福是有一颗感恩的心，健康的身体，称心的工作，一位深爱你的人，一帮信赖的朋友你会拥有这一切！祝圣诞快乐
其他#捣乱	稍有犹豫便就不然了
其他#捣乱	突然的彷徨，突然的不知所措
其他#捣乱	站在人生的十字路口，我们也许会徘徊不定、犹豫不决。
其他#捣乱	笑一个
其他#捣乱	等等不行吗
其他#捣乱	等等我五分钟
其他#捣乱	能勾搭你么
其他#捣乱	能顺路载我一程吗
其他#捣乱	致歉语：对不起、请原谅、不用谢、没关心、请不要放在心上
其他#捣乱	落叶知秋，情谊如酒，风渐凉时无喜更无忧。岁月流走，蓦然回首，一声问候醇绵依旧。友情相守，不离左右，含笑送出这份问候：季节交替，注意身体
其他#捣乱	虽然烈日炎炎，周一还得上班，高温令人疲倦，要与快乐连线。见人面带微笑，好运与你触电；懒散情绪抛开，精神焕发容颜；烦恼莫放心头，潇洒自然相见。周一问候给力，再忙再累也要心情美丽，开心面对
其他#捣乱	衷心祝福：上帝保佑你！彩票关心你！菩萨爱护你！要云得云，要雨得雨！花天酒地，黄金遍地
其他#捣乱	要不要一起去跑步
其他#捣乱	要不要一起去逛街
其他#捣乱	要去哪里
其他#捣乱	要是没有你的帮助，恐怕要失败了
其他#捣乱	要是没有你，都不知道怎么办啊
其他#捣乱	要等到6点才知道
其他#捣乱	请带好您的随身物品，请慢走
其他#捣乱	请带好您的随身物品，请慢走！谢谢光临，希
其他#捣乱	请慢用
其他#捣乱	请我吃饭好不好
其他#捣乱	请问您喝点什么？我们这有茶水、饮料、豆浆、酸梅汤。
其他#捣乱	请问菜品需要打包吗
其他#捣乱	调教
其他#捣乱	谢谢、劳驾了、让您费心了、实在过意不去、麻烦您、感谢您的帮助
其他#捣乱	起床是会呼吸的痛，挣扎在每个细胞中
其他#捣乱	距离有短有长，不论短长，都铺满着我的思念；短信有短有长，不论短长，都充盈着我的挂牵；祝福有短有长，不论短长，都代表着我的心愿：祝你快乐天天
其他#捣乱	路，共同欣赏才风景美丽；情，互相交流才更加真切。问个好，情谊永在，祝你心情愉快
其他#捣乱	身体不舒服，怎么办啊
其他#捣乱	轮到我讲话了，你们停一下
其他#捣乱	还有多久轮到我
其他#捣乱	这个夏天，真心祝愿：大树庇护你，烈日让着你，微风向着你，暴雨躲着你，爱人由着你，邻居帮着你，朋友记着你，中奖500万的只有你
其他#捣乱	这个月我有空
其他#捣乱	这个礼拜都没时间
其他#捣乱	这个穷孩子无新衣服穿
其他#捣乱	这个穷孩子没有一件新衣服
其他#捣乱	这些矛盾在他心中乱碰，使他一天到晚的五脊六兽的不大好过
其他#捣乱	这是非主流事件
其他#捣乱	这本书好不好看
其他#捣乱	这本书很好看
其他#捣乱	这药非处方药
其他#捣乱	这里确实很大
其他#捣乱	迷路了，怎么办
其他#捣乱	送上一条解乏短信，愿你周一早晨精精神神，起床上班不再痛
其他#捣乱	送你一串祝福，浇灌你幸福的生活
其他#捣乱	选择一种兴趣，测测你在朋友眼里的形象
其他#捣乱	选择一种手机，测测你在朋友眼里的形象
其他#捣乱	那么，你觉得她漂亮吗
其他#捣乱	那件事怎么说来的
其他#捣乱	错不全在我
其他#捣乱	问候语：您好！欢迎光临，里面请，您请坐
其他#捣乱	问候远方的朋友：多一些开心，少一些烦恼，时时好心情。便用点滴的问候 想抚平你一点
其他#捣乱	阿姨
其他#捣乱	需要多少天才可以
其他#捣乱	需要等多久啊
其他#捣乱	非主流英语句子没意义
其他#捣乱	非也！我不喜欢这糖果
其他#捣乱	非勇敢非好汉，非泼辣非辣妹
其他#捣乱	非地震后，没有一栋房子不倒塌
其他#捣乱	非天仙非妖魔，确能长的如此美丽，世间甚是少见
其他#捣乱	非法入侵行为不值得提倡
其他#捣乱	非潘安非宋玉
其他#捣乱	非萝莉非萌妞
其他#捣乱	风吹散了蒲公英的思绪，把它的希望带到了远方；在哪里梦里有了生命力，在哪里渴望变得坚强；每一个执着的人啊，去奋斗吧，为了路上的远方
其他#捣乱	风面语：早上好、下午好、晚上好、您好、请多多指教、请多关照
其他#捣乱	香辣鸡翅好吃吗
其他#捣乱	鼓掌，鼓掌
其他#捣乱	﻿哎，又过了一天
其他#捣乱	﻿调戏
导购#不成交	不买了
导购#不成交	不买了咯
导购#不成交	不买了，不会
导购#不成交	不想买了
导购#不成交	不想买了···谢谢···
导购#不成交	好吧我不买了
导购#不成交	好吧我不在你这里买手机了
导购#不成交	好吧那么我不买了
导购#不成交	好吧那我换家店了
导购#不成交	好吧，我不买了
导购#不成交	好的我还是不买了
导购#不成交	并不想买
导购#不成交	我不买了
导购#不成交	我不买手机
导购#不成交	我不想买了
导购#不成交	我不想买了额
导购#不成交	我不想买手机了
导购#不成交	我不是很想买了
导购#不成交	真的不买
导购#不成交	算了我不买了
导购#不成交	算了我还是不买了
导购#不成交	算了，不买了
导购#不成交	那不买了
导购#开始	专门给老年人用的手机有吗
导购#开始	买个手机
导购#开始	买台手机玩玩
导购#开始	买手机
导购#开始	买手机呢
导购#开始	买手机咯
导购#开始	买手机啊
导购#开始	买手机啊........
导购#开始	买手机喽
导购#开始	什么手机比较好
导购#开始	介绍下新手机
导购#开始	你们这里有什么手机卖
导购#开始	你好 我想要买手机
导购#开始	你好我想买手机
导购#开始	你好我要买手机
导购#开始	你好！我想买手机
导购#开始	你好，我想买手机
导购#开始	你好，我是来买手机的
导购#开始	你好，我要买手机
导购#开始	你好，请问有什么手机
导购#开始	你好，这里有什么手机卖
导购#开始	你好，这里有什么手机卖吗
导购#开始	你好，这里有什么手机卖的
导购#开始	你帮我买手机吗
导购#开始	你有什么好手机介绍？
导购#开始	你有什么手机介绍？
导购#开始	你这有什么手机卖
导购#开始	你这里卖手机吗
导购#开始	你这里是不是有手机卖？
导购#开始	你这里是卖手机的吗
导购#开始	你这里有什么卖的
导购#开始	你这里有什么手机
导购#开始	你这里有什么手机卖
导购#开始	你这里有卖手机的是吗
导购#开始	你这里有手机卖吗
导购#开始	你这里有没有智能手机买
导购#开始	再来聊聊
导购#开始	卖不卖手机
导购#开始	原来的手机坏了，想换台新手机
导购#开始	哦，有什么手机推荐呢？
导购#开始	啊你好请问有什么手机
导购#开始	好再聊一聊手机
导购#开始	好吧，我来买手机
导购#开始	帮帮我选手机
导购#开始	帮我挑选个手机
导购#开始	帮我选一台手机
导购#开始	帮我选一款手机吧
导购#开始	怎么买手机
导购#开始	想买一台手机
导购#开始	想买手机
导购#开始	想买部手机
导购#开始	想你帮我推荐一部手机
导购#开始	我们继续把
导购#开始	我们继续聊
导购#开始	我们继续聊手机
导购#开始	我们聊手机
导购#开始	我们说点什么好
导购#开始	我们还是说说手机不
导购#开始	我再来一次
导购#开始	我再看看
导购#开始	我又想买手机了
导购#开始	我可以挑什么
导购#开始	我想买一台手机
导购#开始	我想买一款手机
导购#开始	我想买一部手机
导购#开始	我想买手机
导购#开始	我想买手机】
导购#开始	我想买手机啊
导购#开始	我想买手机！
导购#开始	我想买手机？
导购#开始	我想买新手机
导购#开始	我想和你聊天
导购#开始	我想换手机
导购#开始	我想看手机
导购#开始	我想看看你这里的手机
导购#开始	我想看看手机
导购#开始	我想给我妈妈买一部手机
导购#开始	我想要买手机
导购#开始	我想要买手机。
导购#开始	我想要手机
导购#开始	我是买手机的
导购#开始	我是来买手机的
导购#开始	我来买手机吧
导购#开始	我现在想换个手机
导购#开始	我要一台新手机
导购#开始	我要买个新手机
导购#开始	我要买几款手机
导购#开始	我要买手机
导购#开始	我要买手机,
导购#开始	我要买手机、
导购#开始	我要买手机呀
导购#开始	我要买手机啊
导购#开始	我要买新款的手机
导购#开始	我要买款手机
导购#开始	我要手机
导购#开始	我要看看手机
导购#开始	我要给我妈妈买个手机
导购#开始	我需要一台新手机
导购#开始	手机
导购#开始	手机怎么卖
导购#开始	手机有什么东西聊？
导购#开始	推荐一台手机给我
导购#开始	推荐一款手机给我吧
导购#开始	推荐一款新的手机
导购#开始	是聊手机
导购#开始	有什么好介绍的
导购#开始	有什么好手机推荐吗？
导购#开始	有什么手机
导购#开始	有什么手机介绍
导购#开始	有什么手机卖
导购#开始	有什么手机卖？
导购#开始	有什么手机可以买？
导购#开始	有什么手机可以介绍
导购#开始	有什么手机啊
导购#开始	有什么手机推荐一下
导购#开始	有什么手机推荐下
导购#开始	有什么手机比较好
导购#开始	有什么手机能卖给我
导购#开始	有什么手机能推荐
导购#开始	有什么手机？
导购#开始	有什么新款的手机
导购#开始	有什么比较好的手机
导购#开始	有手机吗
导购#开始	有没有手机啊
导购#开始	有没有比较好的手机
导购#开始	有那些手机
导购#开始	来一款手机
导购#开始	来一部手机
导购#开始	来买手机
导购#开始	直接给我推荐一台
导购#开始	看手机
导购#开始	看看先咯
导购#开始	看看手机呀
导购#开始	给我介绍一台手机吧
导购#开始	给我介绍款手机
导购#开始	给我妈妈买个手机
导购#开始	给我推荐一台
导购#开始	给我推荐一款手机
导购#开始	给我推荐手机吧
导购#开始	继续
导购#开始	聊手机吧
导购#开始	聊手机啊
导购#开始	聊手机嘛
导购#开始	聊点什么把
导购#开始	说说手机
导购#开始	请问有什么手机
导购#开始	请问，这里能买手机吗
导购#开始	购买
导购#开始	这里有什么手机
导购#开始	这里有手机吗
导购#开始	那看看手机咯
导购#开始	那继续啦
导购#开始	﻿我想买手机
导购#成交	不用，我买了
导购#成交	不错，我买了
导购#成交	不错，我要买他
导购#成交	买
导购#成交	买三个
导购#成交	买下吧
导购#成交	买买买
导购#成交	买了
导购#成交	买吧
导购#成交	买啊
导购#成交	买它了
导购#成交	买这个
导购#成交	买这款
导购#成交	买这款了
导购#成交	买这款吧
导购#成交	买这款手机
导购#成交	买这部
导购#成交	你刚刚推荐的东西挺好的，我都想要一个了
导购#成交	决定是他
导购#成交	决定是她
导购#成交	决定是它
导购#成交	决定是这部了
导购#成交	刚才那台
导购#成交	刚才那台呀
导购#成交	可以，买了
导购#成交	唉，买了买了
导购#成交	嗯嗯，我买了
导购#成交	嗯嗯，那就这个吧 谢谢你
导购#成交	嗯好的我就要这款了
导购#成交	嗯我要了
导购#成交	嗯，买
导购#成交	嗯，买了
导购#成交	嗯，很好，成交
导购#成交	嗯，我就买这款了
导购#成交	嗯，那我买了
导购#成交	够给力，我买了
导购#成交	好
导购#成交	好吧 那我就要它了
导购#成交	好吧 那我就要这台吧
导购#成交	好吧就要这个了
导购#成交	好吧我就要这部了
导购#成交	好吧我要了
导购#成交	好吧那么就要这部手机了
导购#成交	好吧那我就要这部了
导购#成交	好吧，买了
导购#成交	好吧，就要这个
导购#成交	好吧，就这个
导购#成交	好吧，就这个了
导购#成交	好吧，就这款
导购#成交	好吧，我就勉为其难地要地要了这款吧
导购#成交	好吧，我要买一部
导购#成交	好吧，我要买两个
导购#成交	好吧，那么我就要这部了
导购#成交	好吧，那买了
导购#成交	好吧，那就买这款
导购#成交	好吧，那就这款
导购#成交	好吧，那我就要这部了
导购#成交	好呀我就要这部了
导购#成交	好啊就要这部了
导购#成交	好啊，我就要这部了
导购#成交	好啦我就要刚才那部手机
导购#成交	好就要这款
导购#成交	好就这款
导购#成交	好我就要这台了
导购#成交	好我就要这部了
导购#成交	好我想要这部
导购#成交	好的就要这部了
导购#成交	好的就这个
导购#成交	好的我就买这部
导购#成交	好的我就要这部
导购#成交	好的我就要这部了
导购#成交	好的那就这部吧
导购#成交	好的那我就要这部
导购#成交	好的那我就要这部了
导购#成交	好的，就买这款了
导购#成交	好的，就要这台
导购#成交	好的，就要这款了
导购#成交	好的，就这款
导购#成交	好的，我就要这款
导购#成交	好的，我就要这部了！
导购#成交	好的，我要这款了
导购#成交	好的，那么我要买这部
导购#成交	好的，那我就要这部了
导购#成交	好的，那我要这部
导购#成交	好要三个
导购#成交	好那么我就要这款了
导购#成交	好那我就要这部了
导购#成交	好！我就要这款了！
导购#成交	好，买了
导购#成交	好，就它了
导购#成交	好，就它吧
导购#成交	好，就要他了
导购#成交	好，就要这款
导购#成交	好，就要这款了
导购#成交	好，就这款
导购#成交	好，就这款吧
导购#成交	好，我决定买了
导购#成交	好，给我这款
导购#成交	好，这款我要了
导购#成交	好，那就买这款
导购#成交	好，那就这款吧
导购#成交	好，那赶紧成交
导购#成交	对啊，买了
导购#成交	对，买这款
导购#成交	就买刚才那个
导购#成交	就买刚才那台
导购#成交	就买刚才那台呀
导购#成交	就买它
导购#成交	就买它了
导购#成交	就买它吧
导购#成交	就买这个了
导购#成交	就买这台了
导购#成交	就买这款
导购#成交	就买这款了
导购#成交	就买这款吧
导购#成交	就他了
导购#成交	就他吧
导购#成交	就她吧
导购#成交	就它了
导购#成交	就它吧
导购#成交	就是他了
导购#成交	就是她了
导购#成交	就是它了
导购#成交	就是它了吧
导购#成交	就是想要他
导购#成交	就是想要她
导购#成交	就是想要它
导购#成交	就是想要这台
导购#成交	就是要他
导购#成交	就是要她
导购#成交	就是要它
导购#成交	就是要这台
导购#成交	就是这台了
导购#成交	就要他了
导购#成交	就要她了
导购#成交	就要它了
导购#成交	就要它呀
导购#成交	就要这台了
导购#成交	就要这台把
导购#成交	就要这款
导购#成交	就要这款了
导购#成交	就要这款吧
导购#成交	就这个
导购#成交	就这个吧
导购#成交	就这个咯
导购#成交	就这台
导购#成交	就这台吧
导购#成交	就这手机
导购#成交	就这款
导购#成交	就这款了
导购#成交	就这款了，谢谢
导购#成交	就这款吧
导购#成交	就这部
导购#成交	属于我的了
导购#成交	带回家
导购#成交	很好我想要买这部
导购#成交	恩就要这部
导购#成交	恩恩，买了
导购#成交	恩恩，成交
导购#成交	恩我要买这部
导购#成交	恩，就这款了
导购#成交	想买的就是他
导购#成交	想买的就是她
导购#成交	想买的就是它
导购#成交	成交
导购#成交	成交了
导购#成交	我买
导购#成交	我买了
导购#成交	我买他了
导购#成交	我买它了
导购#成交	我买当前这部吧
导购#成交	我买这一部
导购#成交	我买这部了
导购#成交	我就买了
导购#成交	我就买他了
导购#成交	我就买她
导购#成交	我就买它了
导购#成交	我就买这台
导购#成交	我就买这台了
导购#成交	我就买这款
导购#成交	我就买这部了
导购#成交	我就想买刚才那台
导购#成交	我就要买这部
导购#成交	我就要刚才的呀
导购#成交	我就要刚才那台
导购#成交	我就要刚才那款
导购#成交	我就要这一部
导购#成交	我就要这款了
导购#成交	我就要这款吧
导购#成交	我就要这部了
导购#成交	我就要这部啦
导购#成交	我就要这部手机了
导购#成交	我想买
导购#成交	我想买这款
导购#成交	我想买这部
导购#成交	我想买这部手机
导购#成交	我想要买这部
导购#成交	我是说我要这部手机了
导购#成交	我要
导购#成交	我要一个
导购#成交	我要两个
导购#成交	我要买
导购#成交	我要买啊
导购#成交	我要买这一部
导购#成交	我要买这款
导购#成交	我要买这款手机
导购#成交	我要买这部
导购#成交	我要了
导购#成交	我要他了
导购#成交	我要刚才那部手机
导购#成交	我要她
导购#成交	我要它了
导购#成交	我要这个了
导购#成交	我要这台
导购#成交	我要这台了
导购#成交	我要这款
导购#成交	我还要再买这款
导购#成交	把他带回家
导购#成交	把他收回家
导购#成交	把她带回家
导购#成交	把她收回家
导购#成交	把它带回家
导购#成交	把它收回家
导购#成交	挑中是他了
导购#成交	挑中是她了
导购#成交	挑中是它了
导购#成交	挑中这台了
导购#成交	挑中这部了
导购#成交	挑中这部手机
导购#成交	收下了
导购#成交	收回家
导购#成交	敲定他
导购#成交	敲定她
导购#成交	敲定它
导购#成交	是我的
导购#成交	是我的了
导购#成交	正是买他
导购#成交	正是买她
导购#成交	正是买它
导购#成交	正是买这部
导购#成交	正是要他
导购#成交	正是要她
导购#成交	正是要它
导购#成交	正是要这部
导购#成交	没有了，买这款
导购#成交	没有了，我就要这台
导购#成交	相中是他
导购#成交	相中是她
导购#成交	相中是它
导购#成交	相中是这台了
导购#成交	相中是这部了
导购#成交	相中这部手机
导购#成交	算了我就要这部手机了
导购#成交	算了，买了吧
导购#成交	行了，就买它了
导购#成交	要一个
导购#成交	要一套
导购#成交	要三个
导购#成交	要两个
导购#成交	要两套
导购#成交	要两款
导购#成交	要了
导购#成交	要了他
导购#成交	要了她
导购#成交	要了它
导购#成交	要五个
导购#成交	要六个
导购#成交	要四个
导购#成交	要要要
导购#成交	要这个
导购#成交	要这台
导购#成交	要这款
导购#成交	要这种
导购#成交	要这部
导购#成交	说的好，我要这款了
导购#成交	还行，就这款了
导购#成交	这个好，必须买
导购#成交	这台
导购#成交	这款我要
导购#成交	这款我要了
导购#成交	那么我还是要这部
导购#成交	那买了
导购#成交	那买这款好了
导购#成交	那就买了
导购#成交	那就买了吧
导购#成交	那就买吧
导购#成交	那就买喽
导购#成交	那就买这款
导购#成交	那就买这款了
导购#成交	那就买这款吧
导购#成交	那就买这部吧
导购#成交	那就它吧
导购#成交	那就要上面那台
导购#成交	那就要他了
导购#成交	那就要它了
导购#成交	那就要这一台吧
导购#成交	那就要这个咯
导购#成交	那就要这款
导购#成交	那就这款
导购#成交	那就这款吧
导购#成交	那我买一部吧
导购#成交	那我买了
导购#成交	那我买了哦
导购#成交	那我就买它
导购#成交	那我就买这台
导购#成交	那我就要这款吧
导购#成交	那我就要这部了
导购#成交	﻿成交
导购#更换	买不起，换一款
导购#更换	再换一个
导购#更换	可惜了，换一个呗
导购#更换	我想换另一台
导购#更换	我想换另一款
导购#更换	我想要其他的
导购#更换	我想要其他的手机
导购#更换	我想要别的手机
导购#更换	我想要另一台手机
导购#更换	我想要另一款手机
导购#更换	我想要另一部手机
导购#更换	我要上一款
导购#更换	我要其他手机
导购#更换	我要其他的
导购#更换	我要别的
导购#更换	我要另一款
导购#更换	我要另一部手机
导购#更换	我要更好的
导购#更换	我说我要刚才的那部手机
导购#更换	我说的是我需要换一部新手机了
导购#更换	换一个
导购#更换	换一个手机
导购#更换	换一个给我吧
导购#更换	换一台
导购#更换	换一台手机
导购#更换	换一款
导购#更换	换一款吧
导购#更换	换一款呗
导购#更换	换一款手机
导购#更换	换一款新的把
导购#更换	换一款来看看
导购#更换	换一部吧
导购#更换	换其他的
导购#更换	换其他的看看
导购#更换	推荐其他的手机给我吧
导购#更换	推荐别的可以吗
导购#更换	推荐别的给我吧
导购#更换	推荐另一台吧
导购#更换	推荐另一部
导购#更换	更换一台可以吗
导购#更换	有更好的吗？
导购#更换	有更好的推荐码
导购#更换	有更好的推荐码完
导购#更换	给我另一部手机
导购#更换	给我推荐其他的手机
导购#更换	给我看另一台手机吧
导购#更换	给我看另一款手机吧
导购#更换	还有其他手机吗
导购#更换	还有其他款式的吗
导购#更换	还有其他的吗
导购#更换	还有其他的手机吗
导购#更换	还有其他类型的吗
导购#更换	还有别的吗
导购#更换	还有别的手机吗
导购#更换	还有别的款式吗
导购#更换	还有别的类型吗
导购#更换	还有另一台吗
导购#更换	还有另一款吗
导购#更换	还有另一部吗
导购#更换	还有吗
导购#更换	还有更好的么
导购#更换	还行，有更好的么
导购#更换	那换一款
导购#更换	那换一部吧
导购#更换	麻烦推荐其他的给我
导购#更换	﻿换一款吧
导购#疑问	不好意思，你刚才说的话,我还听不懂。能换个说法吗，亲？
导购#疑问	你刚刚说的是怎么回事啊
导购#疑问	你刚刚说的话很莫名其妙诶
导购#疑问	听不懂
导购#疑问	啥意思
导购#疑问	对不起我没挺清楚您说的话，请再重复一遍好吗
导购#疑问	怎么会
导购#疑问	我听不懂你说的话
导购#疑问	能再说一遍么
导购#疑问	莫名其妙的
导购#结束	88
导购#结束	886
导购#结束	88～
导购#结束	一路顺风
导购#结束	下次再和你聊，我们下次接着聊吧
导购#结束	下次再好好聊聊
导购#结束	下次再来吧
导购#结束	下次再聊
导购#结束	下次再见
导购#结束	下次聊
导购#结束	下次见
导购#结束	不买了，再见
导购#结束	不买了，去洗澡先
导购#结束	不了，再见
导购#结束	不和你玩了
导购#结束	不和你聊了，再见！
导购#结束	不和你说了
导购#结束	不好意思，我现在就得走
导购#结束	不早了
导购#结束	不看了
导购#结束	不聊了
导购#结束	不说了
导购#结束	不说了，再见
导购#结束	不跟你玩了
导购#结束	不送你啦
导购#结束	不送啦
导购#结束	与你这次谈话非常愉快
导购#结束	亲爱的，晚安
导购#结束	今天聊到这里先把
导购#结束	你好再见
导购#结束	你忙吧，改天再聊
导购#结束	保持联系
导购#结束	再聊
导购#结束	再见
导购#结束	再见~
导购#结束	再见了
导购#结束	再见咯
导购#结束	再见啦
导购#结束	再见！
导购#结束	再见，不买了
导购#结束	再见，小心点
导购#结束	再见，当心点
导购#结束	再见，请留步
导购#结束	再见，谢谢
导购#结束	别忘了我们的约会,明天见吧
导购#结束	到了再给我打电话
导购#结束	到了应该离开的时候了
导购#结束	午安
导购#结束	吃饭去了先
导购#结束	后会有期，朋友
导购#结束	告别语：再见、欢迎再来、祝您一路顺风、请再来
导购#结束	哈哈再见
导购#结束	哈哈好的再见
导购#结束	嗯嗯再见
导购#结束	嗯嗯，拜拜
导购#结束	嗯嗯，晚安
导购#结束	嗯，拜拜
导购#结束	回头见
导购#结束	天下没有不散的筵席
导购#结束	天色晚了，我得马上动身了
导购#结束	天越来越黑，我得走了
导购#结束	天黑了，我得走了
导购#结束	失陪了
导购#结束	好再见
导购#结束	好吧再见
导购#结束	好吧该睡觉了
导购#结束	好吧，我敲论文了，你自己慢慢玩哈～～
导购#结束	好吧，谢谢你的推荐，再见
导购#结束	好吧，谢谢晚安
导购#结束	好哒，拜拜！
导购#结束	好梦
导购#结束	好的再见
导购#结束	好的，再见
导购#结束	好的，拜拜
导购#结束	完了再见
导购#结束	对不起，我得赶快走
导购#结束	就这样
导购#结束	就这样吧
导购#结束	希望我们以后能经常保持联络
导购#结束	希望我们明天就能相逢
导购#结束	常联系
导购#结束	待会儿见
导购#结束	很感谢您费时和我畅谈，我该告辞了
导购#结束	恩再见
导购#结束	恩，拜拜
导购#结束	我不和你玩了
导购#结束	我不和你说了
导购#结束	我不想买了，再见
导购#结束	我们可以明天继续谈
导购#结束	我们对您的关照，谨致谢意
导购#结束	我们就此别过
导购#结束	我们就谈到这里，你看怎么样
导购#结束	我们改天再解决这一争论好吗
导购#结束	我们要暂时分别了
导购#结束	我们过些时候再聊
导购#结束	我会再打电话给你的
导购#结束	我先去洗澡了
导购#结束	我先走了
导购#结束	我得赶末班车回城
导购#结束	我想我们这样也谈不出什么名堂来了
导购#结束	我想我最好现在就走。我们就此告别吧
导购#结束	我是说拜拜啦
导购#结束	我有事先忙
导购#结束	我期待着你的消息
导购#结束	我现在必须结束我们的谈话了
导购#结束	我的朋友正准备走，我得去送他
导购#结束	我真的要走了
导购#结束	我舍不得你走，但是你要走我也没法挽留，只能说声“一路顺风”
导购#结束	我要去吃饭了
导购#结束	我要去忙其他事了
导购#结束	我要告辞了
导购#结束	我要说的都说完了
导购#结束	我要走了，不知道下次什么时候再见
导购#结束	我要走了，我要迟到了
导购#结束	我走了
导购#结束	我走啦
导购#结束	我赶时间先走了
导购#结束	我非常渴望以后有机会能和你在网上聊天
导购#结束	抱歉，我不得不走了
导购#结束	拜把有
导购#结束	拜拜
导购#结束	拜拜了
导购#结束	拜拜，不买了
导购#结束	撤了。先撤了
导购#结束	明天见
导购#结束	是我该走的时候了，谢谢您陪我
导购#结束	晚安
导购#结束	晚安。我睡了
导购#结束	晚安，祝好梦
导购#结束	来也匆匆，去也匆匆，期待下一次重逢
导购#结束	没什么事了
导购#结束	没什么事我就先走了
导购#结束	没想到已这么晚了，我得走
导购#结束	没有了，拜拜
导购#结束	洗洗睡了
导购#结束	火车八点开，我恐怕现在得快点走
导购#结束	真对不起，你们再聊，我不得不先走一步了
导购#结束	祝好梦
导购#结束	算了我不想买了，再见
导购#结束	算了，拜拜
导购#结束	说再见呢
导购#结束	请原谅给你添麻烦了
导购#结束	请珍重
导购#结束	请见谅，我不得不先告辞了
导购#结束	谢啦，再见
导购#结束	谢谢光临，希望下次还能为您服务
导购#结束	走了
导购#结束	走了，去吃饭了
导购#结束	走啦
导购#结束	路上小心，注意车辆
导购#结束	还有什么需要，再打电话联系我
导购#结束	这我们以后再谈
导购#结束	这样，好吧那我走了
导购#结束	这段是回顾用的，拜拜
导购#结束	那好吧，再见了
导购#结束	那我们就下周再见吧
导购#结束	﻿晚安
导购#结束	：） 再见
导购#详情	什么手机
导购#详情	介绍一下
导购#详情	介绍一下这款
导购#详情	介绍下
导购#详情	介绍下手机
导购#详情	介绍下详情
导购#详情	你说吧
导购#详情	你这里卖什么牌子的手机
导购#详情	具体一点
导购#详情	具体介绍下
导购#详情	具体怎样
导购#详情	具体点
导购#详情	具体点讲
导购#详情	可不可以给我介绍一下这部手机
导购#详情	听听
导购#详情	哪个品牌好点
导购#详情	怎样
导购#详情	我不懂这些，你给我讲讲
导购#详情	我问你有什么类型的手机
导购#详情	所以你给我哪部啊
导购#详情	有什么
导购#详情	有什么款
导购#详情	有什么类型的
导购#详情	有哪些
导购#详情	有啥手机
导购#详情	有好的介绍吗
导购#详情	比如说？
导购#详情	详细介绍下
导购#详情	详细点
导购#详情	详细点讲
导购#详情	说
导购#详情	说清楚点
导购#详情	请问有担心的手机吗
导购#详情	这手机好用吗
导购#详情	这款买的人多吗
导购#详情	这款介绍一下
导购#详情	这部怎样
导购#详情	﻿介绍下
捣乱#骂人	2B
捣乱#骂人	2b
捣乱#骂人	丫的
捣乱#骂人	二逼
捣乱#骂人	人渣
捣乱#骂人	低能
捣乱#骂人	低能儿
捣乱#骂人	你个屌丝
捣乱#骂人	你个狗日的
捣乱#骂人	你丫的
捣乱#骂人	你他妈废话啊
捣乱#骂人	你们住嘴
捣乱#骂人	你们闭嘴
捣乱#骂人	你傻吗
捣乱#骂人	你好屌
捣乱#骂人	你好逗比
捣乱#骂人	你妈逼
捣乱#骂人	你妹
捣乱#骂人	你妹啊，明明不是我
捣乱#骂人	你有病啊
捣乱#骂人	你有病啊，前言不搭后语的
捣乱#骂人	你有病？
捣乱#骂人	你真逗逼
捣乱#骂人	傻逼
捣乱#骂人	傻逼啊你
捣乱#骂人	傻逼，听不懂我刚刚说什么了啊
捣乱#骂人	八嘎牙路
捣乱#骂人	去你的
捣乱#骂人	去死、去死、去死
捣乱#骂人	去死把
捣乱#骂人	变态
捣乱#骂人	变态，老是讲那些东西
捣乱#骂人	句中的否定词没有作谓语中心语
捣乱#骂人	叼你老母
捣乱#骂人	妈B
捣乱#骂人	妈的
捣乱#骂人	妈逼
捣乱#骂人	妹的
捣乱#骂人	尼玛
捣乱#骂人	尼玛，我对你无语了
捣乱#骂人	屌
捣乱#骂人	屌丝
捣乱#骂人	干死你
捣乱#骂人	废话
捣乱#骂人	废话不要讲那么多，给点实际的
捣乱#骂人	弱智
捣乱#骂人	我勒个去
捣乱#骂人	我去
捣乱#骂人	我插
捣乱#骂人	我现在不想听你讲话，给我滚
捣乱#骂人	我草
捣乱#骂人	我问你麻痹
捣乱#骂人	擦
捣乱#骂人	有病
捣乱#骂人	有病，不买了
捣乱#骂人	杀马特
捣乱#骂人	流氓
捣乱#骂人	流氓，能说点好听的么
捣乱#骂人	混蛋
捣乱#骂人	混账
捣乱#骂人	滚
捣乱#骂人	滚开
捣乱#骂人	滚滚滚
捣乱#骂人	滚犊子
捣乱#骂人	滚蛋
捣乱#骂人	煞笔
捣乱#骂人	狗日的
捣乱#骂人	神经
捣乱#骂人	神经病
捣乱#骂人	给我滚
捣乱#骂人	翻滚吧牛宝宝
捣乱#骂人	臭鹏说你傻逼了
捣乱#骂人	艹草
捣乱#骂人	草
捣乱#骂人	莫名其妙的
捣乱#骂人	贱人，住嘴
捣乱#骂人	贱人，你刚刚说什么来着
捣乱#骂人	逗逼
捣乱#骂人	都给我住嘴
捣乱#骂人	闭嘴
捣乱#骂人	靠
捣乱#骂人	靠靠靠
捣乱#骂人	靠，讲的话那么难听
捣乱#骂人	顶顶顶、顶顶顶、顶顶顶
捣乱#骂人	麻痹
捣乱#骂人	﻿混蛋
表态#不满	一般般
表态#不满	一般般你
表态#不满	下次不来了
表态#不满	不买了我很生气
表态#不满	不合意
表态#不满	不合胃口
表态#不满	不合适
表态#不满	不喜欢
表态#不满	不喜欢这一款
表态#不满	不喜欢这个
表态#不满	不喜欢这台
表态#不满	不喜欢这台手机
表态#不满	不喜欢这款
表态#不满	不喜欢这款手机
表态#不满	不喜欢这种
表态#不满	不太合意
表态#不满	不太合胃口
表态#不满	不太合适
表态#不满	不太满意
表态#不满	不好
表态#不满	不开心
表态#不满	不想说了
表态#不满	不满意
表态#不满	不然还想怎样
表态#不满	不理你了
表态#不满	不给好评了
表态#不满	为什么要那么久
表态#不满	也是醉了
表态#不满	什么鬼
表态#不满	今晚很不开心
表态#不满	他确实令人讨厌
表态#不满	你不该来到这个世界上
表态#不满	你们好过分
表态#不满	你们给我安静点
表态#不满	你叫什么，我要投诉你
表态#不满	你好坑爹
表态#不满	你好笨
表态#不满	你很烦哎
表态#不满	你怎么那么笨
表态#不满	你真笨
表态#不满	你还想怎样
表态#不满	你都没推荐给我
表态#不满	保持安静，不许讲话
表态#不满	停下来听我讲句话行不行
表态#不满	停停停
表态#不满	停，怎么把我给忘了
表态#不满	卧槽，那该怎样
表态#不满	受不了
表态#不满	哈哈你真笨
表态#不满	哎呀呀，有种再说一句
表态#不满	坑爹
表态#不满	够了
表态#不满	够了！刚才的话把我惹火了
表态#不满	大家视你为仇敌
表态#不满	太差了
表态#不满	好伤人的话啊
表态#不满	好烦
表态#不满	好过分
表态#不满	安静，安静
表态#不满	差劲
表态#不满	差评
表态#不满	很不满意
表态#不满	心情不好
表态#不满	快住口
表态#不满	感觉你服务不好
表态#不满	我不好
表态#不满	我不开心
表态#不满	我对你十分无语，不想再听你说话了
表态#不满	我生气了
表态#不满	我要投诉你
表态#不满	我跟你进行不下去了
表态#不满	无语
表态#不满	是你在调皮好吗？！不过就是想要买个手机。。。
表态#不满	没想象中的好
表态#不满	真是无语了
表态#不满	糟糕
表态#不满	给不给我走
表态#不满	给差评
表态#不满	过分
表态#不满	还是他啊
表态#不满	还没到我喜欢的
表态#不满	这个我不喜欢
表态#不满	这个时候我想爆粗~
表态#不满	都说了我不好╮(╯﹏╰)╭
表态#不满	骗我
表态#不用谢	不用客气
表态#不用谢	不用谢
表态#不用谢	客气
表态#否定	不
表态#否定	不不不
表态#否定	不了
表态#否定	不会
表态#否定	不可以这样
表态#否定	不太好
表态#否定	不太行
表态#否定	不太靠谱
表态#否定	不对
表态#否定	不怎么样
表态#否定	不想买手机会怎样
表态#否定	不是
表态#否定	不是很好
表态#否定	不是我的菜
表态#否定	不是这样的
表态#否定	不用了
表态#否定	不用了，
表态#否定	不能
表态#否定	不行
表态#否定	不行不行
表态#否定	不要这个
表态#否定	不要这个手机
表态#否定	不要这台
表态#否定	不要这款
表态#否定	不要这款手机
表态#否定	不要这种
表态#否定	不要这部
表态#否定	不要这部手机
表态#否定	不靠谱
表态#否定	你不应该这样做
表态#否定	你不应该这样说
表态#否定	你不能乱说话
表态#否定	你不能这样做
表态#否定	你不能这样想
表态#否定	你不能这样说
表态#否定	你没有我想要的
表态#否定	你的做法是不行的
表态#否定	你的想法不好
表态#否定	你的想法是不对的
表态#否定	你的想法是不行的
表态#否定	你的观点是不行的
表态#否定	你的言论遭到了我们的否定
表态#否定	你的论点是不行的
表态#否定	你的话非君子之言
表态#否定	你说错了
表态#否定	你说错了把
表态#否定	你这样是不对的
表态#否定	你这样是不行的
表态#否定	反对你的观点
表态#否定	嗯嗯，不过我不喜欢。
表态#否定	太平常了
表态#否定	太普通了
表态#否定	好吧 我不要了
表态#否定	好吧你这里没有我想要的
表态#否定	好吧，我不是很想买手机了
表态#否定	平庸
表态#否定	很普通
表态#否定	我不同意
表态#否定	我不同意你的看法
表态#否定	我不同意你的说法
表态#否定	我不喜欢啊
表态#否定	我不喜欢它
表态#否定	我不喜欢这个
表态#否定	我不喜欢这台手机
表态#否定	我不喜欢这部
表态#否定	我不大喜欢
表态#否定	我不太喜欢
表态#否定	我不愿意
表态#否定	我不是问天气啊
表态#否定	我不要
表态#否定	我不要你说得这个
表态#否定	我不要这个手机
表态#否定	我不要这款手机
表态#否定	我不要这部手机
表态#否定	我不认为你做得好
表态#否定	我不认为你做的对
表态#否定	我不认为你的做法是好的
表态#否定	我不认为你的做法是对的
表态#否定	我不认为你的做法是行的
表态#否定	我不认为你的想法是好的
表态#否定	我不认为你的想法是对的
表态#否定	我不认为你的想法是行的
表态#否定	我不认为你的观点是好的
表态#否定	我不认为你的观点是对的
表态#否定	我不认为你的观点是行的
表态#否定	我不认为你的说法是好的
表态#否定	我不认为你的说法是对的
表态#否定	我不认为你的说法是行的
表态#否定	我不认为你说得好
表态#否定	我不认为你说得是对的
表态#否定	我不认为你说的对
表态#否定	我不认为是这样的
表态#否定	我不认为这是对的
表态#否定	我反对
表态#否定	我否定你的做法
表态#否定	我否定你的答案
表态#否定	我没有
表态#否定	我没问这个
表态#否定	我绝对不同意你的观点
表态#否定	我觉得不会
表态#否定	我觉得不合适
表态#否定	我觉得不好
表态#否定	我觉得这台手机不好
表态#否定	我觉得这款不好
表态#否定	我觉得这部手机不好
表态#否定	我认为不是这样的
表态#否定	我认为你做的不对
表态#否定	我认为你的做法不好
表态#否定	我认为你的做法是不好的
表态#否定	我认为你的做法是不对的
表态#否定	我认为你的做法是不行的
表态#否定	我认为你的想法不好
表态#否定	我认为你的想法是不好的
表态#否定	我认为你的想法是不对的
表态#否定	我认为你的想法是不行的
表态#否定	我认为你的观点不好
表态#否定	我认为你的观点是不好的
表态#否定	我认为你的观点是不对的
表态#否定	我认为你的观点是不行的
表态#否定	我认为你的说法不好
表态#否定	我认为你的说法是不好的
表态#否定	我认为你的说法是不对的
表态#否定	我认为你的说法是不行的
表态#否定	我认为你说的不对
表态#否定	我认为这是不对的
表态#否定	我说不喜欢
表态#否定	我还没说要求
表态#否定	我还没说需求诶
表态#否定	无
表态#否定	无直接关系
表态#否定	有
表态#否定	没
表态#否定	没了
表态#否定	没听过啊
表态#否定	没有
表态#否定	没有了
表态#否定	没有哦
表态#否定	没有啊
表态#否定	没有我想要的
表态#否定	没谢你
表态#否定	真的都不是啊
表态#否定	算了
表态#否定	算了我不是很想买了
表态#否定	这不可能是对的
表态#否定	这不可能是这样的
表态#否定	这不是对的
表态#否定	这个我不想要
表态#否定	这台手机不要了
表态#否定	这是不对的
表态#否定	这样是不好的
表态#否定	这样是不对的
表态#否定	这样是不行的
表态#否定	这款不喜欢
表态#否定	这款太旧
表态#否定	这里没有我想要的手机
表态#否定	那算了
表态#否定	都不是
表态#否定	都不是啊
表态#否定	错误
表态#否定	﻿不
表态#接受道歉	做错了可以再来过嘛，加油
表态#满意	万岁，耶
表态#满意	不愧是你
表态#满意	不错
表态#满意	不错不错
表态#满意	不错的手机
表态#满意	他确实挺不错的
表态#满意	他跟你介绍的那个样子差不多，你说的太准了
表态#满意	你刚刚的话让我受益匪浅
表态#满意	你刚刚让我大吃一惊，说得太好了
表态#满意	你刚刚讲的话很精彩
表态#满意	你办事，我放心
表态#满意	你太给力了
表态#满意	你太聪明了，我太崇拜你了
表态#满意	你好幽默啊，大家都被你逗乐了
表态#满意	你对大家很友善哦
表态#满意	你对大家都很公平，值得学习
表态#满意	你很勇敢哦
表态#满意	你的状态非常饱满哦
表态#满意	你的观点很好，大家会赞成的
表态#满意	你真厉害
表态#满意	你真帅
表态#满意	你真热情
表态#满意	你表现得很自信哦
表态#满意	你讲的对，这件事必须按你说的办
表态#满意	你说得不错
表态#满意	你说得对，我认为很正确
表态#满意	你说的真好
表态#满意	你说的话好有道理，就按你说的办
表态#满意	做人就该像你这样低调嘛
表态#满意	做的好
表态#满意	厉害喔
表态#满意	听了你的话，顿时心里踏实了
表态#满意	听起来不错
表态#满意	和你聊得很开心
表态#满意	哈哈，你好可爱
表态#满意	哈哈，你好幽默
表态#满意	哈哈，幸亏有你在
表态#满意	哦，好像很不错
表态#满意	啊，挺不错的
表态#满意	嗯嗯 谢谢你
表态#满意	嗯嗯，你真厉害
表态#满意	嗯，不错
表态#满意	嗯，好
表态#满意	嗯，很好
表态#满意	太给力了
表态#满意	好像不错呀
表态#满意	好厉害的手机
表态#满意	好哒谢谢
表态#满意	好喜欢的手机
表态#满意	好开心啊，谢谢你哦
表态#满意	好犀利
表态#满意	好犀利啊
表态#满意	好评
表态#满意	好，不错
表态#满意	好，我喜欢
表态#满意	好，我就是喜欢这种手机
表态#满意	好，说的不错
表态#满意	希望你再接再厉，取得更大的进步
表态#满意	干得好
表态#满意	干的漂亮
表态#满意	开心
表态#满意	很好
表态#满意	很好啊
表态#满意	很棒！真的！漂亮！
表态#满意	很满意
表态#满意	恩不错
表态#满意	恩，不错
表态#满意	恩，非常不错
表态#满意	我中意它
表态#满意	我中意这款
表态#满意	我喜欢
表态#满意	我好中意
表态#满意	我好喜欢这个
表态#满意	我很享受我们之间的交流
表态#满意	我很喜欢
表态#满意	我懂了，好厉害
表态#满意	我真心喜欢他
表态#满意	我觉得这台手机不错
表态#满意	我说很好
表态#满意	我非常喜欢这个
表态#满意	挺不错的
表态#满意	挺不错的啊
表态#满意	挺好
表态#满意	挺好的
表态#满意	有你在，真好啊
表态#满意	有你真好
表态#满意	正解，难得我们能想到一块去
表态#满意	没了，谢谢你
表态#满意	漂亮
表态#满意	牛
表态#满意	牛逼
表态#满意	猴赛雷
表态#满意	看来你的推荐可以接受
表态#满意	看起来不错
表态#满意	真厉害啊
表态#满意	真棒
表态#满意	真牛
表态#满意	真的不错
表态#满意	真的好漂亮
表态#满意	给你赞一个
表态#满意	给力
表态#满意	绝对好评
表态#满意	讲话就该像你这样
表态#满意	说得太棒了
表态#满意	貌似很不错哦
表态#满意	赞
表态#满意	超级棒的手机
表态#满意	还不错
表态#满意	还不错嘛
表态#满意	这个不错
表态#满意	这款不错
表态#满意	这款很好，很适合
表态#满意	这款手机不错
表态#满意	这款手机好犀利
表态#满意	这款手机挺不错的
表态#满意	那还不错
表态#满意	非常不错
表态#满意	非常好
表态#满意	非常棒
表态#犹豫	不知道
表态#犹豫	不知道买不买
表态#犹豫	不知道哪款好
表态#犹豫	买还是不买呢
表态#犹豫	你主动点吧。我眼花缭乱，没主意了
表态#犹豫	你好，等我问清楚了，再过来答复您好吗
表态#犹豫	你帮我推荐一下咯
表态#犹豫	你推荐
表态#犹豫	你有什么好推荐的？
表态#犹豫	你有什么好推荐？
表态#犹豫	你有什么意见
表态#犹豫	你有没有什么好的建议
表态#犹豫	你有没有好的建议吗
表态#犹豫	你的意见呢
表态#犹豫	你等等，我再想下
表态#犹豫	你给我推荐啊
表态#犹豫	你能帮我对比下手机吗
表态#犹豫	你认为我买哪款比较好
表态#犹豫	你说买哪个好点
表态#犹豫	你说得有点乱，我不知道选哪个好
表态#犹豫	你说得有点乱，我都不知道选哪个好
表态#犹豫	再考虑下
表态#犹豫	到底值不值得买呢
表态#犹豫	到底哪一款比较好
表态#犹豫	叫你推荐一款手机给我呀
表态#犹豫	可是我没有想好买哪部手机
表态#犹豫	哪一个比较好
表态#犹豫	哪个好呢
表态#犹豫	哪个好点
表态#犹豫	哪个好看点
表态#犹豫	哪款好
表态#犹豫	哪款好呢
表态#犹豫	哪部好点
表态#犹豫	好可以考虑下
表态#犹豫	好吧，我再考虑一下
表态#犹豫	好纠结好纠结呀
表态#犹豫	我不清楚想要哪个
表态#犹豫	我不知道哪个好
表态#犹豫	我不知道选哪一个
表态#犹豫	我不知道选哪个好
表态#犹豫	我不知道选哪款手机
表态#犹豫	我不确定到底要买哪一款手机
表态#犹豫	我也不知道
表态#犹豫	我也不知道哪个好
表态#犹豫	我再思考下
表态#犹豫	我再想想
表态#犹豫	我再考虑下
表态#犹豫	我再考虑下把
表态#犹豫	我和朋友商量下
表态#犹豫	我在考虑下把
表态#犹豫	我思考下
表态#犹豫	我想先考虑下
表态#犹豫	我想想
表态#犹豫	我想考虑下
表态#犹豫	我无法做出决定
表态#犹豫	我没有任何思路
表态#犹豫	我没有任何想法
表态#犹豫	我没有任何方案
表态#犹豫	我没有任何观点
表态#犹豫	我没有好的做法
表态#犹豫	我没有好的思路
表态#犹豫	我没有好的想法
表态#犹豫	我没有好的方案
表态#犹豫	我没有好的观点
表态#犹豫	我犹豫不决啊
表态#犹豫	我考虑一下
表态#犹豫	我要买哪一个
表态#犹豫	我要想想
表态#犹豫	我该使用哪款手机
表态#犹豫	我还在纠结哪一个
表态#犹豫	我还没考虑好
表态#犹豫	有什么推荐
表态#犹豫	有好的意见吗
表态#犹豫	正在犹豫要不要
表态#犹豫	正在考虑 {#表态#犹豫#直接模板}
表态#犹豫	没那么喜欢
表态#犹豫	犹豫不决
表态#犹豫	等一下，我想想
表态#犹豫	给点意见
表态#犹豫	考虑下
表态#犹豫	要这部手机还是那部呢
表态#犹豫	谁比较好
表态#犹豫	这部手机好还是那部手机好
表态#犹豫	选哪一台好呢
表态#犹豫	那么，你觉得哪一款适合我
表态#犹豫	那么，你觉得这部手机好吗
表态#犹豫	那么，我选哪一款好
表态#犹豫	那你推荐下吧
表态#犹豫	那你给我推荐呀
表态#犹豫	都不知买不买好
表态#犹豫	﻿纠结，不知道买不买好，好纠结
表态#疑问	为什么
表态#疑问	好吗
表态#疑问	真的么
表态#疑问	真的么，好好玩的样子
表态#疑问	真的么？怎么会这样呢
表态#疑问	这样真的好吗
表态#肯定	OK
表态#肯定	ok
表态#肯定	也可以把
表态#肯定	也行
表态#肯定	你是对的
表态#肯定	你说得对
表态#肯定	你说的对哦，这件事本该如此
表态#肯定	决定了
表态#肯定	可以
表态#肯定	可以 啊
表态#肯定	可以啊
表态#肯定	可以啦
表态#肯定	可以喔
表态#肯定	可以接受
表态#肯定	可以没问题
表态#肯定	可以的
表态#肯定	可以要
表态#肯定	可以！
表态#肯定	同意
表态#肯定	听你的话
表态#肯定	呦西
表态#肯定	哈哈好的
表态#肯定	哦，可以
表态#肯定	嗯
表态#肯定	嗯不用客气
表态#肯定	嗯嗯
表态#肯定	嗯嗯好
表态#肯定	嗯，好的啊
表态#肯定	嗯，对
表态#肯定	嗯，我认为我的想法完全正确
表态#肯定	嗯，我认为我的想法是对的
表态#肯定	嗯，我认为这是对的
表态#肯定	嗯，我认为这是正确的
表态#肯定	嗯，我认为这能行
表态#肯定	嗯，是的
表态#肯定	嗯，是这样
表态#肯定	嗯，肯定是对的
表态#肯定	嗯，肯定是正确的
表态#肯定	嗯，还行
表态#肯定	嗯，这是对的啊
表态#肯定	嘻嘻好哒
表态#肯定	好
表态#肯定	好吧
表态#肯定	好吧~
表态#肯定	好呀
表态#肯定	好咯
表态#肯定	好哒
表态#肯定	好啊
表态#肯定	好好好
表态#肯定	好的
表态#肯定	好的啊
表态#肯定	好的我知道了
表态#肯定	好的试试
表态#肯定	好的，我支持你
表态#肯定	好评
表态#肯定	好，也行
表态#肯定	好，可以
表态#肯定	完全正确
表态#肯定	对
表态#肯定	对啊
表态#肯定	对啊，对啊
表态#肯定	对的
表态#肯定	对的啊
表态#肯定	对，就是这样
表态#肯定	就是你说的这样做
表态#肯定	就该这样做的
表态#肯定	必须的
表态#肯定	恩
表态#肯定	恩·
表态#肯定	恩。。。
表态#肯定	恩哈行
表态#肯定	恩好的
表态#肯定	恩恩
表态#肯定	恩还行
表态#肯定	恩，好饿
表态#肯定	感觉好像那部手机好一点
表态#肯定	我也觉得也是
表态#肯定	我也这么认为的
表态#肯定	我同意
表态#肯定	我同意你的想法
表态#肯定	我同意你的说法
表态#肯定	我坚信我的想法是对的
表态#肯定	我坚信我的想法是正确的
表态#肯定	我坚信我的想法，那是一定正确的
表态#肯定	我坚信我的想法，那是十分正确的
表态#肯定	我坚信我的想法，那是完全正确的
表态#肯定	我坚信我的想法，那是绝对正确的
表态#肯定	我坚信我的想法，那是肯定正确的
表态#肯定	我坚信我的想法，那是非常正确的
表态#肯定	我坚信我的观点是对的
表态#肯定	我坚信我的观点是正确的
表态#肯定	我坚信我的论点是对的
表态#肯定	我坚信我的论点是正确的
表态#肯定	我坚信这一定能行
表态#肯定	我坚信这完全能行
表态#肯定	我坚信这绝对能行
表态#肯定	我坚信这肯定能行
表态#肯定	我坚信这能行
表态#肯定	我就是这样觉得的
表态#肯定	我想这是正确的
表态#肯定	我的想法一定正确
表态#肯定	我相信
表态#肯定	我看行
表态#肯定	我知道了
表态#肯定	我肯定我的想法是一定正确的
表态#肯定	我肯定我的想法是十分正确的
表态#肯定	我肯定我的想法是完全正确的
表态#肯定	我肯定我的想法是对的
表态#肯定	我肯定我的想法是绝对正确的
表态#肯定	我肯定我的想法是肯定正确的
表态#肯定	我肯定我的想法是非常正确的
表态#肯定	我肯定我的观点是对的
表态#肯定	我肯定我的论点是对的
表态#肯定	我肯定这是对的
表态#肯定	我觉得挺好的
表态#肯定	我认为完全正确
表态#肯定	我认为我一定对
表态#肯定	我认为我一定正确
表态#肯定	我认为我是对的
表态#肯定	我认为我是正确的
表态#肯定	我认为我的想法一定正确
表态#肯定	我认为我的想法十分正确
表态#肯定	我认为我的想法完全正确
表态#肯定	我认为我的想法是正确的
表态#肯定	我认为我的想法绝对正确
表态#肯定	我认为我的想法肯定正确
表态#肯定	我认为我的想法非常正确
表态#肯定	我认为是对的
表态#肯定	我认为肯定是这样
表态#肯定	我认为肯定能行
表态#肯定	我认为这是正确的
表态#肯定	我认同你
表态#肯定	是
表态#肯定	是呀
表态#肯定	是啊，我也这么认为
表态#肯定	是啊，是啊
表态#肯定	是的
表态#肯定	是的啊
表态#肯定	是的，我也在用
表态#肯定	是的，这是一定正确的
表态#肯定	是的，这是十分正确的
表态#肯定	是的，这是完全正确的
表态#肯定	是的，这是绝对正确的
表态#肯定	是的，这是肯定正确的
表态#肯定	是的，这是非常正确的
表态#肯定	是的，这样是正确的
表态#肯定	正确
表态#肯定	没疑问啊
表态#肯定	没错
表态#肯定	没错，这是一定正确的
表态#肯定	没错，这是十分正确的
表态#肯定	没错，这是完全正确的
表态#肯定	没错，这是对的
表态#肯定	没错，这是绝对正确的
表态#肯定	没错，这是肯定正确的
表态#肯定	没错，这是非常正确的
表态#肯定	没问题
表态#肯定	没问题啦
表态#肯定	看着合适就行
表态#肯定	真的该这样
表态#肯定	知道
表态#肯定	知道了
表态#肯定	确定了
表态#肯定	确定要
表态#肯定	肯定是啦
表态#肯定	能
表态#肯定	行
表态#肯定	行了，决定好了
表态#肯定	行咯
表态#肯定	要
表态#肯定	要啊
表态#肯定	还可以
表态#肯定	还可以呀
表态#肯定	还可以啊
表态#肯定	还可以喔
表态#肯定	还好
表态#肯定	还行
表态#肯定	还行吧
表态#肯定	还行呀
表态#肯定	还行啊
表态#肯定	还行，
表态#肯定	这一定是完全正确的
表态#肯定	这一定能行
表态#肯定	这不存在问题，这是一定正确的
表态#肯定	这不存在问题，这是十分正确的
表态#肯定	这不存在问题，这是完全正确的
表态#肯定	这不存在问题，这是绝对正确的
表态#肯定	这不存在问题，这是肯定正确的
表态#肯定	这不存在问题，这是非常正确的
表态#肯定	这个可以
表态#肯定	这完全没有异义
表态#肯定	这完全能行
表态#肯定	这当然是对的啊
表态#肯定	这当然是正确的啊
表态#肯定	这手机挺好看的
表态#肯定	这手机挺漂亮的
表态#肯定	这是绝对正确的
表态#肯定	这显然是对的啊
表态#肯定	这显然是正确的啊
表态#肯定	这样挺好的
表态#肯定	这样是正确的
表态#肯定	这款可以
表态#肯定	这肯定能行
表态#肯定	这能行
表态#肯定	那好吧
表态#肯定	都要
表态#肯定	﻿这一定是对的
表态#致谢	一定一定，谢谢
表态#致谢	不用了，谢谢
表态#致谢	哈哈谢谢
表态#致谢	嗨，幸会
表态#致谢	嗯嗯，谢谢你哦
表态#致谢	好吧，谢谢
表态#致谢	好的谢谢
表态#致谢	好的，谢谢
表态#致谢	希望你变得更好，工作人员们也辛苦了
表态#致谢	恩恩，谢谢
表态#致谢	恩谢啦
表态#致谢	拜托你了
表态#致谢	没有了~~~谢谢呐···
表态#致谢	没有了谢谢
表态#致谢	没有了，谢谢
表态#致谢	请多关照
表态#致谢	谢了
表态#致谢	谢啦
表态#致谢	谢谢
表态#致谢	谢谢你
表态#致谢	谢谢你哦
表态#致谢	谢谢你哦···
表态#致谢	谢谢你抽空和我谈话
表态#致谢	谢谢你，晚安
表态#致谢	谢谢啦
表态#致谢	谢谢您的服务
表态#致谢	谢谢，再见
表态#致谢	谢谢，打扰你了
表态#致谢	辛苦了
表态#致谢	过得真愉快，谢谢您，再见
表态#致谢	麻烦你了
表态#致谢	麻烦您了
表态#道歉	不好意思
表态#道歉	不好意思，打扰一下
表态#道歉	我错了
表态#道歉	打扰一下
表态#道歉	打扰了
表态#道歉	请多保重
表态#附和	呃
表态#附和	呵呵
表态#附和	哇
表态#附和	哈哈
表态#附和	哈哈哈
表态#附和	哈哈哈哈
表态#附和	哈哈，你太帅了吧
表态#附和	哈哈，好好笑啊
表态#附和	哈哈，我是在逗你玩的
表态#附和	哈？
表态#附和	哎
表态#附和	哦
表态#附和	哦·
表态#附和	哦哦
表态#附和	哦，原来如此
表态#附和	啊
表态#附和	喔
表态#附和	喵
表态#附和	好
表态#附和	是这样的吧
表态#附和	汪
表态#附和	这样
表态#附和	这样啊
表态#附和	那就好
表态#附和	额
表态#附和	额·
表态#随便	也没要求
表态#随便	你说是就是咯
表态#随便	无所谓
表态#随便	无所谓捏
表态#随便	没有什么要求
表态#随便	没有要求
表态#随便	没要求
表态#随便	没要求哦
表态#随便	没要求啊
表态#随便	真心没要求
表态#随便	这个无所谓
表态#随便	这个没关系
表态#随便	这个没有要求
表态#随便	这个没要求
表态#随便	都可以
表态#随便	都行
表态#随便	都行吧
表态#随便	随便
表态#随便	随便啦
闲聊#天气	4号那天好像会刮台风
闲聊#天气	一场台风把这里的雾霾刮走了
闲聊#天气	一看到浓密的乌云就知道一场暴雨快来了
闲聊#天气	下个月冬天来了就开始下雪了
闲聊#天气	下个月天气就开始变得干燥起来了
闲聊#天气	下雨了今天
闲聊#天气	下雨了啊
闲聊#天气	下雨了好烦
闲聊#天气	下雨吗
闲聊#天气	下雨咋办
闲聊#天气	不过这里的雾霾天气越来越严重了
闲聊#天气	中到大雪、
闲聊#天气	今天下了一天的雨了
闲聊#天气	今天又是阴天
闲聊#天气	今天天气不错嘛
闲聊#天气	今天天气好不好
闲聊#天气	今天天气好冷
闲聊#天气	今天天气好吗
闲聊#天气	今天天气怎么样
闲聊#天气	今天天气真好
闲聊#天气	今天天气真的很好
闲聊#天气	今天好
闲聊#天气	今天很晒啊
闲聊#天气	今天早上刮了好大的雾
闲聊#天气	今天早上居然下雪了
闲聊#天气	今天的天气一般
闲聊#天气	今天的天气好闷热
闲聊#天气	今天的太阳挺烈的
闲聊#天气	今年和往年一样又刮起了严重的雾霾
闲聊#天气	冷空气给这个地方带来了一场大雨
闲聊#天气	冷空气还有两天到达
闲聊#天气	别忘了带伞
闲聊#天气	去年的国庆节下好大的雪
闲聊#天气	听说冷空气南下了
闲聊#天气	听说台风快到这边了
闲聊#天气	听说明天会下雨
闲聊#天气	哈哈哈，今天阳光灿烂
闲聊#天气	夏天，雷雨到来之前，在天空先会看到积云
闲聊#天气	多云、
闲聊#天气	大到暴雪
闲聊#天气	大暴雨到特大暴雨、
闲聊#天气	天气
闲聊#天气	天气不错，适宜晾晒衣物
闲聊#天气	天气好不好今天
闲聊#天气	天气好吗
闲聊#天气	天气好吗今天
闲聊#天气	天气怎么样
闲聊#天气	天气慢慢变冷了
闲聊#天气	天气渐渐回暖了
闲聊#天气	天气温度持续高涨
闲聊#天气	天气炎热
闲聊#天气	天气预报
闲聊#天气	天气预报说今天是晴天然而并不是
闲聊#天气	天气预报说后天气温会降到零度以下
闲聊#天气	天气预报说接下来的一个星期里天气怎么样？
闲聊#天气	天气？
闲聊#天气	好冷
闲聊#天气	好热
闲聊#天气	寒冷的天气让人不想出门
闲聊#天气	小到中雪、
闲聊#天气	小雨、中雨、大雨、暴雨、大暴雨、特大暴雨
闲聊#天气	强降雨逐渐南压
闲聊#天气	往年三月份这里都会有回南天
闲聊#天气	微风
闲聊#天气	快下雨了
闲聊#天气	我不喜欢在这种恶劣的天气下旅行
闲聊#天气	我很喜欢这种凉飕飕的天气
闲聊#天气	手机的天气预报要比较准确
闲聊#天气	持续暴雨
闲聊#天气	持续的雷暴雨让人觉得很不舒服
闲聊#天气	接下来的几个星期里平均空气湿度将会达到全年最高
闲聊#天气	早上一起来路上全都是雪
闲聊#天气	明天又将是晴空万里的一天
闲聊#天气	明天天气好不好
闲聊#天气	明天天气好像很好
闲聊#天气	明天天气如何
闲聊#天气	明天天气怎么样
闲聊#天气	明天开始就降温了
闲聊#天气	昨天下了一场滂沱大雨
闲聊#天气	昨天下了好大的暴雨
闲聊#天气	昨天就下了一会儿的雨
闲聊#天气	昨天晚上下了好大的雪
闲聊#天气	昨晚好像下大暴雨
闲聊#天气	晴、
闲聊#天气	暴雨到大暴雨、
闲聊#天气	最近天气有点反复无常
闲聊#天气	最近的天气好潮湿
闲聊#天气	最近的天气挺好的
闲聊#天气	最近这几天的天气真是坏得不行
闲聊#天气	最近这几天都是阴天
闲聊#天气	最近都是一会儿晴一会儿阴
闲聊#天气	最近风有点大
闲聊#天气	未来三天，长江中下游地区将有中到大雨
闲聊#天气	每年的清明节我家乡都会下绵绵细雨
闲聊#天气	气象台发布了暴雨预警
闲聊#天气	浮尘、扬沙、沙尘暴、强沙尘暴、特强沙尘暴
闲聊#天气	由于雾霾我们周末只能待在家里
闲聊#天气	秋高日爽的天气让人心旷神怡
闲聊#天气	空气质量令人满意，基本无空气污染
闲聊#天气	突然感觉好冷啊
闲聊#天气	老子热死了
闲聊#天气	轻雾，浓雾，强浓雾，轻微霾，轻度霾，中度霾，重度霾，特强霾，霰，飑线
闲聊#天气	这个台风还有2个小时就到达
闲聊#天气	这个周末台风就到了
闲聊#天气	这个地方一年里有一半的时间都在下雨
闲聊#天气	这个地方好多年没有下过雪了
闲聊#天气	这个月刮了3次台风
闲聊#天气	这么大的雾很影响人们的出行
闲聊#天气	这么浓的雾我还是第一次见
闲聊#天气	这几天天气真的好冷
闲聊#天气	这几天好热
闲聊#天气	这几天气温好高啊
闲聊#天气	这几天温度居然高达40度
闲聊#天气	这几天都是阴天
闲聊#天气	这场雨持续了整整一个星期
闲聊#天气	这场雪下了整整一天
闲聊#天气	这样的雾霾天气让人们觉得非常难受
闲聊#天气	这种回南天真让人受不了
闲聊#天气	这种天气很舒服
闲聊#天气	这种天气最适合人们出游
闲聊#天气	这里好久没有下过雨了
闲聊#天气	这里的全年平均气温居世界第一高
闲聊#天气	那明天会下雨吗
闲聊#天气	阴
闲聊#天气	阴天
闲聊#天气	阵雨
闲聊#天气	阵雪、小雪、中雪、大雪、暴雪、
闲聊#天气	雨势明显增强
闲聊#天气	雨夹雪、
闲聊#天气	雷阵雨、
闲聊#天气	雷阵雨伴有冰雹、
闲聊#天气	雷阵雨转多云
闲聊#天气	雾、冻雨、沙尘暴、小到中雨、中到大雨、大到暴雨
闲聊#天气	面对火辣辣的太阳，你真的懂如何防晒吗
闲聊#天气	﻿天气好吗
闲聊#时间	19点30分
闲聊#时间	1个小时有60分钟
闲聊#时间	1分钟有60秒
闲聊#时间	2000年不是闰年
闲聊#时间	23点59分59秒
闲聊#时间	24个小时
闲聊#时间	3点钟
闲聊#时间	一分钟有多少秒
闲聊#时间	一天
闲聊#时间	一天有多长
闲聊#时间	下午两点半
闲聊#时间	不知道现在几点
闲聊#时间	两个小时后过来
闲聊#时间	两分钟
闲聊#时间	中午什么时候
闲聊#时间	中午就可以
闲聊#时间	什么时候
闲聊#时间	今天
闲聊#时间	今天什么日期
闲聊#时间	今天多少号
闲聊#时间	今天多少号来着
闲聊#时间	今天好冷啊
闲聊#时间	今天星期几来着
闲聊#时间	今天是星期二吗
闲聊#时间	今天是星期几
闲聊#时间	今天离5月1日还有多少天
闲聊#时间	今天离下周末还有多少天
闲聊#时间	今天离放暑假还有多少天
闲聊#时间	今年是闰年
闲聊#时间	今年的2月没有第29天
闲聊#时间	今年的国庆节是周末吗
闲聊#时间	今年的清明节是几号
闲聊#时间	你什么时候才可以
闲聊#时间	你懂得什么叫时间吗
闲聊#时间	你知不知道什么叫时间
闲聊#时间	你知不知道现在几点了
闲聊#时间	你知道一个小时有多少分钟吗
闲聊#时间	你知道一个小时有多少秒吗
闲聊#时间	你知道现在是什么时候吗
闲聊#时间	你知道现在是几点吗
闲聊#时间	凌晨几点
闲聊#时间	几点
闲聊#时间	几点现在
闲聊#时间	去年的重阳节是多少号
闲聊#时间	后天才是1号
闲聊#时间	告诉我几点
闲聊#时间	告诉我时间
闲聊#时间	周末就快来了
闲聊#时间	多少分钟
闲聊#时间	大概什么时候
闲聊#时间	大概几点
闲聊#时间	大概多少秒
闲聊#时间	大概还有几天
闲聊#时间	大概还有半分钟
闲聊#时间	好吧现在几点了
闲聊#时间	我想问一下现在的准确时间是多少
闲聊#时间	我没带手表只想问下时间而已
闲聊#时间	日期
闲聊#时间	日期呢
闲聊#时间	早上7点
闲聊#时间	时间
闲聊#时间	明天几点
闲聊#时间	明天是几号
闲聊#时间	明天是多少号
闲聊#时间	明天是星期六了吗
闲聊#时间	明天是星期几
闲聊#时间	明天是星期天
闲聊#时间	明年不是平年
闲聊#时间	明年的五一劳动节是不是在星期三那天
闲聊#时间	晚上九点半
闲聊#时间	晚上吗
闲聊#时间	现在几点
闲聊#时间	现在几点了
闲聊#时间	现在时间是多少
闲聊#时间	现在是什么时候
闲聊#时间	现在是什么时间
闲聊#时间	请问现在几点了
闲聊#时间	距离周末还有两天时间
闲聊#时间	过几个星期吧
闲聊#时间	还剩下多少分钟
闲聊#时间	还剩下多少时间
闲聊#时间	还有几个小时到中午
闲聊#时间	还有多少个小时
闲聊#时间	还有多少个小时到中午
闲聊#时间	还有多少分钟
闲聊#时间	还有多少秒
闲聊#时间	这个月有31号
闲聊#时间	﻿现在是几点啊
闲聊#身份信息	今天充电了么机器人
闲聊#身份信息	今年你多少岁了
闲聊#身份信息	你二十四小时在线吗
闲聊#身份信息	你会不会生锈
闲聊#身份信息	你会不会讲故事啊
闲聊#身份信息	你会做算术吗
闲聊#身份信息	你会唱歌跳舞吗
闲聊#身份信息	你会帮我做作业吗
闲聊#身份信息	你会干什么
闲聊#身份信息	你会攻击人类吗
闲聊#身份信息	你会独立思考吗
闲聊#身份信息	你会背诗吗
闲聊#身份信息	你会讲故事吗
闲聊#身份信息	你会说中文吗
闲聊#身份信息	你会说什么话
闲聊#身份信息	你几岁啦
闲聊#身份信息	你单身吗
闲聊#身份信息	你只会说英文
闲聊#身份信息	你只是个机器人，帮不了我
闲聊#身份信息	你叫什么
闲聊#身份信息	你叫什么名字
闲聊#身份信息	你叫什么名字呀
闲聊#身份信息	你可以像人一样走路吗
闲聊#身份信息	你可以帮人类做家务吗
闲聊#身份信息	你可以帮我倒杯水吗
闲聊#身份信息	你好请问你能干什么
闲聊#身份信息	你好，你可以干什么
闲聊#身份信息	你妈妈是谁
闲聊#身份信息	你姓什么
闲聊#身份信息	你姓什么哦
闲聊#身份信息	你姓什么啊
闲聊#身份信息	你姓什么的
闲聊#身份信息	你家庭成员有几个啊
闲聊#身份信息	你属于哪个国籍的
闲聊#身份信息	你提供什么服务
闲聊#身份信息	你是不是机器人
闲聊#身份信息	你是不是理综胜
闲聊#身份信息	你是中国人吗
闲聊#身份信息	你是人类还是机器人
闲聊#身份信息	你是什么时候出生的
闲聊#身份信息	你是从哪里来的
闲聊#身份信息	你是动漫迷吗
闲聊#身份信息	你是叫机器人吗
闲聊#身份信息	你是哪个公司开发的
闲聊#身份信息	你是哪个国家的人
闲聊#身份信息	你是土豪吗
闲聊#身份信息	你是女的
闲聊#身份信息	你是女的吗
闲聊#身份信息	你是女的吧
闲聊#身份信息	你是好人还是坏人
闲聊#身份信息	你是宅男吗
闲聊#身份信息	你是机器人吗
闲聊#身份信息	你是机器人吧
闲聊#身份信息	你是男生吗
闲聊#身份信息	你是男的
闲聊#身份信息	你是男的吗
闲聊#身份信息	你是男的吧
闲聊#身份信息	你是男的还是女的
闲聊#身份信息	你是程序员吗
闲聊#身份信息	你是绅士吗
闲聊#身份信息	你是谁
闲聊#身份信息	你有什么爱好
闲聊#身份信息	你有什么目标
闲聊#身份信息	你有女朋友吗
闲聊#身份信息	你有没有兄弟姐妹
闲聊#身份信息	你有没有生命啊
闲聊#身份信息	你有没有职业
闲聊#身份信息	你有男朋友吗
闲聊#身份信息	你有编号吗
闲聊#身份信息	你有肌肉吗
闲聊#身份信息	你有身份证吗
闲聊#身份信息	你爸爸是谁
闲聊#身份信息	你现在几岁啦
闲聊#身份信息	你的三围是多少
闲聊#身份信息	你的体重是多少啊
闲聊#身份信息	你的出生地在哪
闲聊#身份信息	你的创造者是谁
闲聊#身份信息	你的力气有多大啊
闲聊#身份信息	你的名字是什么
闲聊#身份信息	你的年龄是多少
闲聊#身份信息	你的开发者是谁
闲聊#身份信息	你的性别是什么
闲聊#身份信息	你的手臂有什么用
闲聊#身份信息	你的特长是什么
闲聊#身份信息	你的理想是什么啊
闲聊#身份信息	你的生日是什么时候
闲聊#身份信息	你的职业是什么
闲聊#身份信息	你的职业是服务人类吗
闲聊#身份信息	你的联系方式是什么啊
闲聊#身份信息	你的脚多大啊
闲聊#身份信息	你的身高是多高啊
闲聊#身份信息	你结婚了吗
闲聊#身份信息	你能做些啥
闲聊#身份信息	你能像我一样走路吗
闲聊#身份信息	你能听懂我说的话吗
闲聊#身份信息	你能帮我些什么
闲聊#身份信息	你能帮我吗
闲聊#身份信息	你能帮我啥
闲聊#身份信息	你能干嘛
闲聊#身份信息	你能提供什么
闲聊#身份信息	你能提供什么服务
闲聊#身份信息	你能提供什么服务？
闲聊#身份信息	你能服务好人类吗
闲聊#身份信息	你能看得到我吗
闲聊#身份信息	你能跟我交流吗
闲聊#身份信息	你都有哪些功能
闲聊#身份信息	你都知道些什么知识啊
闲聊#身份信息	你都能做些什么
闲聊#身份信息	你都能做些啥
闲聊#身份信息	你需要消耗什么能源
闲聊#身份信息	可以告诉我你的编号吗
闲聊#身份信息	听说你最近技能提高了
闲聊#身份信息	告诉我，你是不是机器人
闲聊#身份信息	快告诉我，你真的是好人吗
闲聊#身份信息	快说，你现在几岁了
闲聊#身份信息	怎么联系你啊
闲聊#身份信息	我觉得你是机器人
闲聊#身份信息	我说什么，你就能做什么吗
闲聊#身份信息	机器人
闲聊#身份信息	男的吗
闲聊#身份信息	聊天可以吗
闲聊#身份信息	能看得懂英语吗？
闲聊#身份信息	请问您贵姓
闲聊#身份信息	谁开发了你
闲聊#身份信息	谁是店家
闲聊#身份信息	难道你不是机器人
闲聊#身份信息	﻿你是谁
闲聊#问候	Hello
闲聊#问候	ch2r你好
闲聊#问候	一起都好吗
闲聊#问候	下午好
闲聊#问候	中午好
闲聊#问候	亲，开心点哦
闲聊#问候	亲，祝你好运
闲聊#问候	你吃饭了吗
闲聊#问候	你吃饭没有
闲聊#问候	你好
闲聊#问候	你好~~~~~~~~~~~
闲聊#问候	你好吗
闲聊#问候	你好呀
闲聊#问候	你好啊
闲聊#问候	你好！
闲聊#问候	你好，i
闲聊#问候	你好，在吗
闲聊#问候	你好，很高兴能认识你
闲聊#问候	初次上来，多多关照
闲聊#问候	叔叔，你好，
闲聊#问候	吃过饭了没有
闲聊#问候	吃饭了吗
闲聊#问候	吃饭了没有
闲聊#问候	哈喽
闲聊#问候	哈罗
闲聊#问候	嗨
闲聊#问候	嗨，哈罗
闲聊#问候	嗨，近来好吗
闲聊#问候	在吗
闲聊#问候	工作忙不忙呀
闲聊#问候	店家在吗
闲聊#问候	很高兴见到你
闲聊#问候	很高兴认识你
闲聊#问候	您好
闲聊#问候	您好啊
闲聊#问候	您好，欢迎光临！
闲聊#问候	感觉你好
闲聊#问候	我来光临
闲聊#问候	我说你好啊
闲聊#问候	握个手吧
闲聊#问候	握手
闲聊#问候	早上好
闲聊#问候	早上好、下午好、晚上好、您好、请多多指教、请多关照
闲聊#问候	早上（下午、晚上）好，先生
闲聊#问候	早上（下午、晚上）好，夫人
闲聊#问候	早啊
闲聊#问候	晚上好
闲聊#问候	晚上好啊
闲聊#问候	最近好吗
闲聊#问候	最近忙不忙
闲聊#问候	最近怎么样
闲聊#问候	最近身体好吗
闲聊#问候	机器人你好
闲聊#问候	欢迎你光临指导
闲聊#问候	祝你今天快乐
闲聊#问候	祝你幸福快乐
闲聊#问候	祝您节日愉快
闲聊#问候	节日快乐
闲聊#问候	过得如何呀
闲聊#问候	近况如何
闲聊#问候	近来好吗
闲聊#问候	阿姨，你好
闲聊#问候	﻿你好机器人
